{
    "ablation_0": {
        "device": "cuda:0",
        "num_envs": 128,
        "steps_per_sec": 373.3197854845272,
        "updates_per_sec": 93.3299463711318
    },
    "ablation_1": {
        "device": "cuda:0",
        "num_envs": 128,
        "steps_per_sec": 419.0686520819856,
        "updates_per_sec": 104.7671630204964
    },
    "ablation_2": {
        "device": "cuda:0",
        "num_envs": 128,
        "steps_per_sec": 406.173073508571,
        "updates_per_sec": 101.54326837714275
    },
    "ablation_3": {
        "device": "cuda:0",
        "num_envs": 128,
        "steps_per_sec": 741.1921599356746,
        "updates_per_sec": 185.29803998391864
    },
    "ablation_4": {
        "device": "cpu",
        "num_envs": 128,
        "steps_per_sec": 764.3093011489289,
        "updates_per_sec": 191.0773252872322
    },
    "ablation_5": {
        "device": "cuda:0",
        "num_envs": 128,
        "steps_per_sec": 379.44364693866913,
        "updates_per_sec": 94.86091173466728
    }
}