{
    "ablation_0": {
        "device": "cuda:0",
        "num_envs": 128,
        "steps_per_sec": 322.15642618711394,
        "updates_per_sec": 80.53910654677848
    },
    "ablation_1": {
        "device": "cuda:0",
        "num_envs": 64,
        "steps_per_sec": 336.3108533196042,
        "updates_per_sec": 84.07771332990104
    },
    "ablation_2": {
        "device": "cuda:0",
        "num_envs": 128,
        "steps_per_sec": 340.50420534220046,
        "updates_per_sec": 85.12605133555012
    },
    "ablation_3": {
        "device": "cuda:0",
        "num_envs": 64,
        "steps_per_sec": 376.62926747545913,
        "updates_per_sec": 94.15731686886478
    },
    "ablation_4": {
        "device": "cpu",
        "num_envs": 128,
        "steps_per_sec": 570.3733665987098,
        "updates_per_sec": 142.59334164967746
    },
    "ablation_5": {
        "device": "cuda:0",
        "num_envs": 128,
        "steps_per_sec": 350.598972034976,
        "updates_per_sec": 87.649743008744
    }
}