{
    "ablation_0": {
        "device": "cuda:0",
        "num_envs": 128,
        "steps_per_sec": 8922.589268939533,
        "updates_per_sec": 69.7077286635901
    },
    "ablation_1": {
        "device": "cuda:0",
        "num_envs": 128,
        "steps_per_sec": 9097.152436102659,
        "updates_per_sec": 71.07150340705202
    },
    "ablation_2": {
        "device": "cuda:0",
        "num_envs": 128,
        "steps_per_sec": 9531.779833834116,
        "updates_per_sec": 74.46702995182903
    },
    "ablation_3": {
        "device": "cuda:0",
        "num_envs": 128,
        "steps_per_sec": 9251.853996294574,
        "updates_per_sec": 72.28010934605136
    },
    "ablation_4": {
        "device": "cpu",
        "num_envs": 128,
        "steps_per_sec": 13861.934448393946,
        "updates_per_sec": 108.2963628780777
    },
    "ablation_5": {
        "device": "cuda:0",
        "num_envs": 128,
        "steps_per_sec": 9237.98348043915,
        "updates_per_sec": 72.17174594093086
    }
}