{
    "ablation_0": {
        "device": "cuda:0",
        "num_envs": 128,
        "steps_per_sec": 3232.8813827195395,
        "updates_per_sec": 24.523836346487272
    },
    "ablation_1": {
        "device": "cuda:0",
        "num_envs": 128,
        "steps_per_sec": 3242.4642270488125,
        "updates_per_sec": 24.531801717803518
    },
    "ablation_2": {
        "device": "cuda:0",
        "num_envs": 128,
        "steps_per_sec": 3244.4866160130923,
        "updates_per_sec": 25.347551687602284
    },
    "ablation_3": {
        "device": "cuda:0",
        "num_envs": 128,
        "steps_per_sec": 3153.643872521828,
        "updates_per_sec": 24.504665225676366
    },
    "ablation_4": {
        "device": "cpu",
        "num_envs": 128,
        "steps_per_sec": 3272.181778383072,
        "updates_per_sec": 25.56392014361775
    }
}