{
    "ablation_0": {
        "device": "cuda:0",
        "num_envs": 64,
        "steps_per_sec": 236.96757907301424,
        "updates_per_sec": 59.24189476825356
    },
    "ablation_1": {
        "device": "cuda:0",
        "num_envs": 64,
        "steps_per_sec": 277.16704522626225,
        "updates_per_sec": 69.29176130656556
    },
    "ablation_2": {
        "device": "cuda:0",
        "num_envs": 128,
        "steps_per_sec": 253.16504671240136,
        "updates_per_sec": 63.29126167810034
    },
    "ablation_3": {
        "device": "cuda:0",
        "num_envs": 128,
        "steps_per_sec": 278.3749648726556,
        "updates_per_sec": 69.5937412181639
    },
    "ablation_4": {
        "device": "cpu",
        "num_envs": 128,
        "steps_per_sec": 447.2622353810753,
        "updates_per_sec": 111.81555884526882
    },
    "ablation_5": {
        "device": "cuda:0",
        "num_envs": 12,
        "steps_per_sec": 261.7988052053507,
        "updates_per_sec": 65.44970130133767
    }
}