{
    "ablation_0": {
        "device": "cuda:0",
        "num_envs": 128,
        "steps_per_sec": 7053.590877749544,
        "updates_per_sec": 55.106178732418314
    },
    "ablation_1": {
        "device": "cuda:0",
        "num_envs": 128,
        "steps_per_sec": 6938.246619746791,
        "updates_per_sec": 54.205051716771806
    },
    "ablation_2": {
        "device": "cuda:0",
        "num_envs": 128,
        "steps_per_sec": 7208.709872829833,
        "updates_per_sec": 56.31804588148307
    },
    "ablation_3": {
        "device": "cuda:0",
        "num_envs": 128,
        "steps_per_sec": 7098.868318455797,
        "updates_per_sec": 55.19455032292186
    },
    "ablation_4": {
        "device": "cpu",
        "num_envs": 128,
        "steps_per_sec": 10142.583923101987,
        "updates_per_sec": 79.23893689923428
    },
    "ablation_5": {
        "device": "cuda:0",
        "num_envs": 128,
        "steps_per_sec": 7156.0608978550545,
        "updates_per_sec": 55.90672576449261
    }
}