{
    "ablation_0": {
        "device": "cpu",
        "num_envs": 128,
        "steps_per_sec": 287.1984066583871,
        "updates_per_sec": 71.79960166459678
    },
    "ablation_1": {
        "device": "cpu",
        "num_envs": 64,
        "steps_per_sec": 311.3038857132684,
        "updates_per_sec": 77.8259714283171
    },
    "ablation_2": {
        "device": "cuda:0",
        "num_envs": 64,
        "steps_per_sec": 296.8608023327131,
        "updates_per_sec": 74.21520058317827
    },
    "ablation_3": {
        "device": "cpu",
        "num_envs": 128,
        "steps_per_sec": 578.7564068302892,
        "updates_per_sec": 144.6891017075723
    },
    "ablation_4": {
        "device": "cpu",
        "num_envs": 128,
        "steps_per_sec": 636.0598689283144,
        "updates_per_sec": 159.0149672320786
    },
    "ablation_5": {
        "device": "cpu",
        "num_envs": 64,
        "steps_per_sec": 290.0791209172607,
        "updates_per_sec": 72.51978022931517
    }
}