{
    "ablation_0": {
        "device": "cuda:0",
        "num_envs": 16,
        "steps_per_sec": 515.6279441166434,
        "updates_per_sec": 64.45349301458043
    },
    "ablation_1": {
        "device": "cuda:0",
        "num_envs": 16,
        "steps_per_sec": 553.2106702669873,
        "updates_per_sec": 69.15133378337342
    },
    "ablation_2": {
        "device": "cuda:0",
        "num_envs": 16,
        "steps_per_sec": 525.0077891399155,
        "updates_per_sec": 65.62597364248944
    },
    "ablation_3": {
        "device": "cuda:0",
        "num_envs": 16,
        "steps_per_sec": 756.0220317757465,
        "updates_per_sec": 94.50275397196832
    },
    "ablation_4": {
        "device": "cuda:0",
        "num_envs": 16,
        "steps_per_sec": 730.1788831030855,
        "updates_per_sec": 91.27236038788568
    },
    "ablation_5": {
        "device": "cuda:0",
        "num_envs": 16,
        "steps_per_sec": 520.0823799452659,
        "updates_per_sec": 65.01029749315823
    }
}