{
    "ablation_0": {
        "device": "cuda:0",
        "num_envs": 128,
        "steps_per_sec": 220.24558620303137,
        "updates_per_sec": 55.06139655075784
    },
    "ablation_1": {
        "device": "cuda:0",
        "num_envs": 128,
        "steps_per_sec": 226.85450414542913,
        "updates_per_sec": 56.71362603635728
    },
    "ablation_2": {
        "device": "cuda:0",
        "num_envs": 128,
        "steps_per_sec": 246.85237015912384,
        "updates_per_sec": 61.71309253978096
    },
    "ablation_3": {
        "device": "cuda:0",
        "num_envs": 128,
        "steps_per_sec": 246.5301433754464,
        "updates_per_sec": 61.6325358438616
    },
    "ablation_4": {
        "device": "cuda:0",
        "num_envs": 64,
        "steps_per_sec": 322.28877357186815,
        "updates_per_sec": 80.57219339296704
    },
    "ablation_5": {
        "device": "cuda:0",
        "num_envs": 64,
        "steps_per_sec": 255.94085839272637,
        "updates_per_sec": 63.98521459818159
    }
}