{
    "ablation_0": {
        "device": "cuda:0",
        "num_envs": 128,
        "steps_per_sec": 278.7556314592893,
        "updates_per_sec": 69.68890786482233
    },
    "ablation_1": {
        "device": "cuda:0",
        "num_envs": 128,
        "steps_per_sec": 319.7015366429056,
        "updates_per_sec": 79.9253841607264
    },
    "ablation_2": {
        "device": "cuda:0",
        "num_envs": 64,
        "steps_per_sec": 281.21618627733767,
        "updates_per_sec": 70.30404656933442
    },
    "ablation_3": {
        "device": "cuda:0",
        "num_envs": 128,
        "steps_per_sec": 458.038789057322,
        "updates_per_sec": 114.5096972643305
    },
    "ablation_4": {
        "device": "cpu",
        "num_envs": 128,
        "steps_per_sec": 451.2206865534938,
        "updates_per_sec": 112.80517163837345
    },
    "ablation_5": {
        "device": "cuda:0",
        "num_envs": 64,
        "steps_per_sec": 299.9538503758111,
        "updates_per_sec": 74.98846259395278
    }
}