{
    "ablation_0": {
        "device": "cuda:0",
        "num_envs": 128,
        "steps_per_sec": 7499.971260194765,
        "updates_per_sec": 57.593635957127034
    },
    "ablation_1": {
        "device": "cuda:0",
        "num_envs": 128,
        "steps_per_sec": 7414.298094878057,
        "updates_per_sec": 57.59092306148088
    },
    "ablation_2": {
        "device": "cuda:0",
        "num_envs": 128,
        "steps_per_sec": 7234.189359522356,
        "updates_per_sec": 56.51710437126841
    },
    "ablation_3": {
        "device": "cuda:0",
        "num_envs": 128,
        "steps_per_sec": 7483.400167149413,
        "updates_per_sec": 57.59743572207359
    },
    "ablation_4": {
        "device": "cpu",
        "num_envs": 128,
        "steps_per_sec": 5931.740118122191,
        "updates_per_sec": 46.34171967282962
    },
    "ablation_5": {
        "device": "cuda:0",
        "num_envs": 128,
        "steps_per_sec": 7292.233097425768,
        "updates_per_sec": 56.970571073638816
    }
}