{
    "ablation_0": {
        "device": "cuda:0",
        "num_envs": 128,
        "steps_per_sec": 316.91629796443624,
        "updates_per_sec": 79.22907449110906
    },
    "ablation_1": {
        "device": "cuda:0",
        "num_envs": 128,
        "steps_per_sec": 293.83971715673596,
        "updates_per_sec": 73.45992928918399
    },
    "ablation_2": {
        "device": "cuda:0",
        "num_envs": 12,
        "steps_per_sec": 304.79201332159334,
        "updates_per_sec": 76.19800333039834
    },
    "ablation_3": {
        "device": "cuda:0",
        "num_envs": 128,
        "steps_per_sec": 527.4579150625649,
        "updates_per_sec": 131.86447876564122
    },
    "ablation_4": {
        "device": "cpu",
        "num_envs": 128,
        "steps_per_sec": 459.4835082816624,
        "updates_per_sec": 114.8708770704156
    },
    "ablation_5": {
        "device": "cuda:0",
        "num_envs": 64,
        "steps_per_sec": 287.54608602354307,
        "updates_per_sec": 71.88652150588577
    }
}