{
    "ablation_0": {
        "device": "cuda:0",
        "num_envs": 128,
        "steps_per_sec": 406.5398574900515,
        "updates_per_sec": 101.63496437251287
    },
    "ablation_1": {
        "device": "cuda:0",
        "num_envs": 64,
        "steps_per_sec": 455.3753480306406,
        "updates_per_sec": 113.84383700766016
    },
    "ablation_2": {
        "device": "cuda:0",
        "num_envs": 128,
        "steps_per_sec": 429.64945565983857,
        "updates_per_sec": 107.41236391495964
    },
    "ablation_3": {
        "device": "cuda:0",
        "num_envs": 64,
        "steps_per_sec": 770.8882600513659,
        "updates_per_sec": 192.72206501284148
    },
    "ablation_4": {
        "device": "cpu",
        "num_envs": 64,
        "steps_per_sec": 663.2221766428241,
        "updates_per_sec": 165.80554416070603
    },
    "ablation_5": {
        "device": "cuda:0",
        "num_envs": 128,
        "steps_per_sec": 417.76618258527907,
        "updates_per_sec": 104.44154564631977
    }
}