{
    "ablation_0": {
        "device": "cuda:0",
        "num_envs": 64,
        "steps_per_sec": 363.5561467250355,
        "updates_per_sec": 90.88903668125887
    },
    "ablation_1": {
        "device": "cuda:0",
        "num_envs": 128,
        "steps_per_sec": 379.2971764775627,
        "updates_per_sec": 94.82429411939067
    },
    "ablation_2": {
        "device": "cuda:0",
        "num_envs": 128,
        "steps_per_sec": 389.36899113558684,
        "updates_per_sec": 97.34224778389671
    },
    "ablation_3": {
        "device": "cuda:0",
        "num_envs": 128,
        "steps_per_sec": 404.6215095888727,
        "updates_per_sec": 101.15537739721817
    },
    "ablation_4": {
        "device": "cpu",
        "num_envs": 128,
        "steps_per_sec": 494.32211859623845,
        "updates_per_sec": 123.58052964905961
    },
    "ablation_5": {
        "device": "cuda:0",
        "num_envs": 128,
        "steps_per_sec": 372.32250642185363,
        "updates_per_sec": 93.08062660546341
    }
}