{
    "ablation_0": {
        "device": "cuda:0",
        "num_envs": 128,
        "steps_per_sec": 10017.219573098342,
        "updates_per_sec": 77.85956439908209
    },
    "ablation_1": {
        "device": "cuda:0",
        "num_envs": 128,
        "steps_per_sec": 10164.282151829548,
        "updates_per_sec": 79.40845431116834
    },
    "ablation_2": {
        "device": "cuda:0",
        "num_envs": 128,
        "steps_per_sec": 9959.15432698033,
        "updates_per_sec": 77.80589317953383
    },
    "ablation_3": {
        "device": "cuda:0",
        "num_envs": 128,
        "steps_per_sec": 10043.45208417158,
        "updates_per_sec": 78.2661598808653
    },
    "ablation_4": {
        "device": "cuda:0",
        "num_envs": 128,
        "steps_per_sec": 12485.50228013085,
        "updates_per_sec": 96.67977429304862
    },
    "ablation_5": {
        "device": "cuda:0",
        "num_envs": 128,
        "steps_per_sec": 10097.139199541709,
        "updates_per_sec": 78.8838999964196
    }
}