{
    "ablation_0": {
        "device": "cpu",
        "num_envs": 8,
        "steps_per_sec": 52.611853711342576,
        "updates_per_sec": 13.152963427835644
    },
    "ablation_1": {
        "device": "cpu",
        "num_envs": 128,
        "steps_per_sec": 54.60952010753643,
        "updates_per_sec": 13.652380026884108
    },
    "ablation_2": {
        "device": "cpu",
        "num_envs": 128,
        "steps_per_sec": 54.72641142464777,
        "updates_per_sec": 13.681602856161943
    },
    "ablation_3": {
        "device": "cpu",
        "num_envs": 128,
        "steps_per_sec": 50.161842325938835,
        "updates_per_sec": 12.540460581484709
    },
    "ablation_4": {
        "device": "cpu",
        "num_envs": 64,
        "steps_per_sec": 313.0384078072639,
        "updates_per_sec": 78.25960195181598
    },
    "ablation_5": {
        "device": "cpu",
        "num_envs": 128,
        "steps_per_sec": 49.52237805894968,
        "updates_per_sec": 12.38059451473742
    }
}