{
    "ablation_0": {
        "device": "cuda:0",
        "num_envs": 128,
        "steps_per_sec": 399.99577166583344,
        "updates_per_sec": 99.99894291645836
    },
    "ablation_1": {
        "device": "cuda:0",
        "num_envs": 128,
        "steps_per_sec": 446.5776962158864,
        "updates_per_sec": 111.6444240539716
    },
    "ablation_2": {
        "device": "cuda:0",
        "num_envs": 128,
        "steps_per_sec": 418.09121464344565,
        "updates_per_sec": 104.52280366086141
    },
    "ablation_3": {
        "device": "cuda:0",
        "num_envs": 128,
        "steps_per_sec": 757.6041624101008,
        "updates_per_sec": 189.4010406025252
    },
    "ablation_4": {
        "device": "cuda:0",
        "num_envs": 128,
        "steps_per_sec": 611.6950667615931,
        "updates_per_sec": 152.92376669039828
    },
    "ablation_5": {
        "device": "cuda:0",
        "num_envs": 64,
        "steps_per_sec": 405.5413991520863,
        "updates_per_sec": 101.38534978802157
    }
}