{
    "ablation_0": {
        "device": "cuda:0",
        "num_envs": 64,
        "steps_per_sec": 7318.426092658045,
        "updates_per_sec": 57.17520384889097
    },
    "ablation_1": {
        "device": "cuda:0",
        "num_envs": 64,
        "steps_per_sec": 7345.905147213544,
        "updates_per_sec": 57.389883962605815
    },
    "ablation_2": {
        "device": "cuda:0",
        "num_envs": 64,
        "steps_per_sec": 7380.838262916096,
        "updates_per_sec": 57.59613673373832
    },
    "ablation_3": {
        "device": "cuda:0",
        "num_envs": 64,
        "steps_per_sec": 7283.161899989897,
        "updates_per_sec": 56.89970234367107
    },
    "ablation_4": {
        "device": "cuda:0",
        "num_envs": 128,
        "steps_per_sec": 9360.909398122885,
        "updates_per_sec": 72.53211475300321
    },
    "ablation_5": {
        "device": "cuda:0",
        "num_envs": 64,
        "steps_per_sec": 7555.815104026935,
        "updates_per_sec": 58.66316074555074
    }
}