{
    "ablation_0": {
        "device": "cuda:0",
        "num_envs": 128,
        "steps_per_sec": 359.75756779381396,
        "updates_per_sec": 89.93939194845349
    },
    "ablation_1": {
        "device": "cuda:0",
        "num_envs": 128,
        "steps_per_sec": 375.0436747698098,
        "updates_per_sec": 93.76091869245245
    },
    "ablation_2": {
        "device": "cuda:0",
        "num_envs": 64,
        "steps_per_sec": 385.0072786685353,
        "updates_per_sec": 96.25181966713383
    },
    "ablation_3": {
        "device": "cuda:0",
        "num_envs": 128,
        "steps_per_sec": 406.780075921178,
        "updates_per_sec": 101.6950189802945
    },
    "ablation_4": {
        "device": "cuda:0",
        "num_envs": 64,
        "steps_per_sec": 480.9500266944236,
        "updates_per_sec": 120.2375066736059
    },
    "ablation_5": {
        "device": "cuda:0",
        "num_envs": 128,
        "steps_per_sec": 371.55590928370395,
        "updates_per_sec": 92.88897732092599
    }
}