Ablation 6
    elif args.ablation == 6:
        cfg["munchausen_constant"] = 0.0
        cfg["soft"] = True
        cfg["Beta"] = 0.0
        cfg["distributional"] = False
        cfg["delayed"] = True
        cfg["dueling"] = False



C:\Users\tcfla\Desktop\CrabRL\CrabAblation\.venv\Lib\site-packages\pygame\pkgdata.py:25: UserWarning: pkg_resources is deprecated as an API. See https://setuptools.pypa.io/en/latest/pkg_resources.html. The pkg_resources package is slated for removal as early as 2025-11-30. Refrain from using this package or pin to Setuptools<81.
  from pkg_resources import resource_stream, resource_exists
--- Auto-configured MSVC: 14.50.35717 ---
✅ MSVC Environment (including OpenMP) fully initialized.
Args: Namespace(algo='dqn', env_name='mujoco', env_id='mujoco', device='cpu', ablation=6, fully_obs=False, run=1000, num_envs=4, num_steps=2048, total_steps=1000000, total_steps_override=0, max_wall_time=86400.0, device_name='laptop', skip_best_params=False, dqn_buffer_size=20000.0, dqn_batch_size=64, update_every=4, rnd_burn_in=1000, buffer_size=20000.0, gamma=0.99, tau=3e-06, batch_size=128, learning_starts=10000, policy_lr=0.0003, q_lr=0.001, policy_frequency=4, target_network_frequency=1, alpha=0.001, autotune=True, n_quantiles=32, n_target_quantiles=32, hide_seek_bins_per_dim=3)
Torch does not support int32 gather, switching to 64
{'extrinsic': 0.07552927732467651, 'intrinsic': 0.0, 'rnd': 0.0, 'avg_r_int': 0.0, 'alpha': 0.04979204013943672, 'alpha_loss': -0.003715814556926489, 'batch_nonzero_r_frac': 1.0, 'target_mean': -0.027382735162973404, 'td_target_norm_mean': 7.885532855987549, 'Beta': 0.0, 'Q_ext_mean': 7.889959335327148, 'Q_int_mean': 0.0, 'last_eps': 0.49188, 'entropy': tensor(0.8043)}
{'extrinsic': 0.002785448683425784, 'intrinsic': 0.0, 'rnd': 0.0, 'avg_r_int': 0.0, 'alpha': 0.052429091185331345, 'alpha_loss': -7.935633038869128e-05, 'batch_nonzero_r_frac': 1.0, 'target_mean': 49.26728439331055, 'td_target_norm_mean': 1.0083001852035522, 'Beta': 0.0, 'Q_ext_mean': 0.9992147088050842, 'Q_int_mean': 0.0, 'last_eps': 0.48388, 'entropy': tensor(0.8774)}
[DQN] Step 10000/1000000 (Episodes: 8) smooth r -441.61675611182363
{'extrinsic': 0.003530012210831046, 'intrinsic': 0.0, 'rnd': 0.0, 'avg_r_int': 0.0, 'alpha': 0.05211922153830528, 'alpha_loss': -0.002881225198507309, 'batch_nonzero_r_frac': 1.0, 'target_mean': 53.28266143798828, 'td_target_norm_mean': 0.5340598821640015, 'Beta': 0.0, 'Q_ext_mean': 0.5063621401786804, 'Q_int_mean': 0.0, 'last_eps': 0.47588, 'entropy': tensor(0.8236)}
{'extrinsic': 0.00991484709084034, 'intrinsic': 0.0, 'rnd': 0.0, 'avg_r_int': 0.0, 'alpha': 0.05594509840011597, 'alpha_loss': -0.006472290027886629, 'batch_nonzero_r_frac': 0.984375, 'target_mean': 54.658935546875, 'td_target_norm_mean': 0.32777300477027893, 'Beta': 0.0, 'Q_ext_mean': 0.2851351201534271, 'Q_int_mean': 0.0, 'last_eps': 0.46788, 'entropy': tensor(0.7632)}
[DQN] Step 20000/1000000 (Episodes: 16) smooth r -403.6110983503154
{'extrinsic': 0.015670932829380035, 'intrinsic': 0.0, 'rnd': 0.0, 'avg_r_int': 0.0, 'alpha': 0.06284759193658829, 'alpha_loss': -0.005768873728811741, 'batch_nonzero_r_frac': 0.984375, 'target_mean': 54.768707275390625, 'td_target_norm_mean': 0.2142947018146515, 'Beta': 0.0, 'Q_ext_mean': 0.20799371600151062, 'Q_int_mean': 0.0, 'last_eps': 0.45988, 'entropy': tensor(0.7871)}
{'extrinsic': 0.028877820819616318, 'intrinsic': 0.0, 'rnd': 0.0, 'avg_r_int': 0.0, 'alpha': 0.07131972908973694, 'alpha_loss': -0.012791444547474384, 'batch_nonzero_r_frac': 1.0, 'target_mean': 54.31599426269531, 'td_target_norm_mean': 0.3331441283226013, 'Beta': 0.0, 'Q_ext_mean': 0.17253485321998596, 'Q_int_mean': 0.0, 'last_eps': 0.45188, 'entropy': tensor(0.6995)}
{'extrinsic': 0.04542642459273338, 'intrinsic': 0.0, 'rnd': 0.0, 'avg_r_int': 0.0, 'alpha': 0.08165845274925232, 'alpha_loss': -0.014204560779035091, 'batch_nonzero_r_frac': 1.0, 'target_mean': 51.51921844482422, 'td_target_norm_mean': 0.36520352959632874, 'Beta': 0.0, 'Q_ext_mean': -0.26016080379486084, 'Q_int_mean': 0.0, 'last_eps': 0.44388, 'entropy': tensor(0.7049)}
[DQN] Step 30000/1000000 (Episodes: 28) smooth r -335.6864187545833
{'extrinsic': 0.05938347801566124, 'intrinsic': 0.0, 'rnd': 0.0, 'avg_r_int': 0.0, 'alpha': 0.09329497814178467, 'alpha_loss': -0.027192750945687294, 'batch_nonzero_r_frac': 1.0, 'target_mean': 51.243408203125, 'td_target_norm_mean': 0.7116259336471558, 'Beta': 0.0, 'Q_ext_mean': -0.11587251722812653, 'Q_int_mean': 0.0, 'last_eps': 0.43588, 'entropy': tensor(0.5874)}
{'extrinsic': 0.0705283060669899, 'intrinsic': 0.0, 'rnd': 0.0, 'avg_r_int': 0.0, 'alpha': 0.10546731948852539, 'alpha_loss': -0.034742433577775955, 'batch_nonzero_r_frac': 1.0, 'target_mean': 50.051231384277344, 'td_target_norm_mean': 0.6344788670539856, 'Beta': 0.0, 'Q_ext_mean': -0.4148362874984741, 'Q_int_mean': 0.0, 'last_eps': 0.42788, 'entropy': tensor(0.5494)}
[DQN] Step 40000/1000000 (Episodes: 36) smooth r -208.41790225419214
{'extrinsic': 0.11051378399133682, 'intrinsic': 0.0, 'rnd': 0.0, 'avg_r_int': 0.0, 'alpha': 0.11891575902700424, 'alpha_loss': -0.04470783844590187, 'batch_nonzero_r_frac': 1.0, 'target_mean': 51.0361213684082, 'td_target_norm_mean': 0.6389639377593994, 'Beta': 0.0, 'Q_ext_mean': -0.2967270314693451, 'Q_int_mean': 0.0, 'last_eps': 0.41988000000000003, 'entropy': tensor(0.5029)}
{'extrinsic': 0.0954672321677208, 'intrinsic': 0.0, 'rnd': 0.0, 'avg_r_int': 0.0, 'alpha': 0.13341307640075684, 'alpha_loss': -0.05469135195016861, 'batch_nonzero_r_frac': 1.0, 'target_mean': 52.42654037475586, 'td_target_norm_mean': 0.8871278166770935, 'Beta': 0.0, 'Q_ext_mean': 0.017389915883541107, 'Q_int_mean': 0.0, 'last_eps': 0.41188, 'entropy': tensor(0.4689)}
{'extrinsic': 0.08671298623085022, 'intrinsic': 0.0, 'rnd': 0.0, 'avg_r_int': 0.0, 'alpha': 0.14864768087863922, 'alpha_loss': -0.045487429946660995, 'batch_nonzero_r_frac': 1.0, 'target_mean': 54.2288818359375, 'td_target_norm_mean': 0.7623610496520996, 'Beta': 0.0, 'Q_ext_mean': 0.09033618867397308, 'Q_int_mean': 0.0, 'last_eps': 0.40388, 'entropy': tensor(0.5729)}
[DQN] Step 50000/1000000 (Episodes: 48) smooth r 2.4648627214157557
{'extrinsic': 0.04284198582172394, 'intrinsic': 0.0, 'rnd': 0.0, 'avg_r_int': 0.0, 'alpha': 0.163275346159935, 'alpha_loss': -0.0366530567407608, 'batch_nonzero_r_frac': 1.0, 'target_mean': 58.274478912353516, 'td_target_norm_mean': 0.5994024276733398, 'Beta': 0.0, 'Q_ext_mean': 0.27784600853919983, 'Q_int_mean': 0.0, 'last_eps': 0.39588, 'entropy': tensor(0.6544)}
{'extrinsic': 0.04830694943666458, 'intrinsic': 0.0, 'rnd': 0.0, 'avg_r_int': 0.0, 'alpha': 0.17806118726730347, 'alpha_loss': -0.03009558655321598, 'batch_nonzero_r_frac': 1.0, 'target_mean': 64.19182586669922, 'td_target_norm_mean': 0.9631182551383972, 'Beta': 0.0, 'Q_ext_mean': 0.6943769454956055, 'Q_int_mean': 0.0, 'last_eps': 0.38788, 'entropy': tensor(0.7099)}
[DQN] Step 60000/1000000 (Episodes: 56) smooth r 119.90458102788534
{'extrinsic': 0.05170121043920517, 'intrinsic': 0.0, 'rnd': 0.0, 'avg_r_int': 0.0, 'alpha': 0.193416565656662, 'alpha_loss': -0.025487642735242844, 'batch_nonzero_r_frac': 0.984375, 'target_mean': 68.06498718261719, 'td_target_norm_mean': 0.8270507454872131, 'Beta': 0.0, 'Q_ext_mean': 0.4528886377811432, 'Q_int_mean': 0.0, 'last_eps': 0.37988, 'entropy': tensor(0.7471)}
{'extrinsic': 0.050899066030979156, 'intrinsic': 0.0, 'rnd': 0.0, 'avg_r_int': 0.0, 'alpha': 0.2079513669013977, 'alpha_loss': -0.018877679482102394, 'batch_nonzero_r_frac': 1.0, 'target_mean': 76.2691879272461, 'td_target_norm_mean': 0.8494229316711426, 'Beta': 0.0, 'Q_ext_mean': 0.53379887342453, 'Q_int_mean': 0.0, 'last_eps': 0.37188, 'entropy': tensor(0.7881)}
{'extrinsic': 0.018171774223446846, 'intrinsic': 0.0, 'rnd': 0.0, 'avg_r_int': 0.0, 'alpha': 0.21879619359970093, 'alpha_loss': -0.007109873928129673, 'batch_nonzero_r_frac': 1.0, 'target_mean': 83.43109893798828, 'td_target_norm_mean': 0.705043375492096, 'Beta': 0.0, 'Q_ext_mean': 0.4635263979434967, 'Q_int_mean': 0.0, 'last_eps': 0.36388, 'entropy': tensor(0.8464)}
[DQN] Step 70000/1000000 (Episodes: 68) smooth r 113.15938156394688
{'extrinsic': 0.017921412363648415, 'intrinsic': 0.0, 'rnd': 0.0, 'avg_r_int': 0.0, 'alpha': 0.22240963578224182, 'alpha_loss': 0.0003212198498658836, 'batch_nonzero_r_frac': 1.0, 'target_mean': 92.63792419433594, 'td_target_norm_mean': 0.7583879232406616, 'Beta': 0.0, 'Q_ext_mean': 0.5225379467010498, 'Q_int_mean': 0.0, 'last_eps': 0.35588, 'entropy': tensor(0.8803)}
{'extrinsic': 0.035392094403505325, 'intrinsic': 0.0, 'rnd': 0.0, 'avg_r_int': 0.0, 'alpha': 0.2223176509141922, 'alpha_loss': 0.0006157163297757506, 'batch_nonzero_r_frac': 1.0, 'target_mean': 98.09796905517578, 'td_target_norm_mean': 0.5735970139503479, 'Beta': 0.0, 'Q_ext_mean': 0.40878134965896606, 'Q_int_mean': 0.0, 'last_eps': 0.34787999999999997, 'entropy': tensor(0.8817)}
[DQN] Step 80000/1000000 (Episodes: 76) smooth r 100.21687131684885
{'extrinsic': 0.035649411380290985, 'intrinsic': 0.0, 'rnd': 0.0, 'avg_r_int': 0.0, 'alpha': 0.2191658914089203, 'alpha_loss': -0.0004001563065685332, 'batch_nonzero_r_frac': 1.0, 'target_mean': 107.63038635253906, 'td_target_norm_mean': 0.7314177751541138, 'Beta': 0.0, 'Q_ext_mean': 0.520240068435669, 'Q_int_mean': 0.0, 'last_eps': 0.33987999999999996, 'entropy': tensor(0.8771)}
{'extrinsic': 0.034856196492910385, 'intrinsic': 0.0, 'rnd': 0.0, 'avg_r_int': 0.0, 'alpha': 0.2181588113307953, 'alpha_loss': 0.01119301375001669, 'batch_nonzero_r_frac': 0.984375, 'target_mean': 111.73233795166016, 'td_target_norm_mean': 0.479539155960083, 'Beta': 0.0, 'Q_ext_mean': 0.29380276799201965, 'Q_int_mean': 0.0, 'last_eps': 0.33188, 'entropy': tensor(0.9302)}
{'extrinsic': 0.0354033000767231, 'intrinsic': 0.0, 'rnd': 0.0, 'avg_r_int': 0.0, 'alpha': 0.21682269871234894, 'alpha_loss': -0.00480236578732729, 'batch_nonzero_r_frac': 1.0, 'target_mean': 121.26103973388672, 'td_target_norm_mean': 0.6699692606925964, 'Beta': 0.0, 'Q_ext_mean': 0.5123252868652344, 'Q_int_mean': 0.0, 'last_eps': 0.32388, 'entropy': tensor(0.8567)}
[DQN] Step 90000/1000000 (Episodes: 88) smooth r 36.529796203056236
{'extrinsic': 0.031519267708063126, 'intrinsic': 0.0, 'rnd': 0.0, 'avg_r_int': 0.0, 'alpha': 0.22361785173416138, 'alpha_loss': 0.006634613499045372, 'batch_nonzero_r_frac': 1.0, 'target_mean': 125.69046783447266, 'td_target_norm_mean': 0.5658901929855347, 'Beta': 0.0, 'Q_ext_mean': 0.29363828897476196, 'Q_int_mean': 0.0, 'last_eps': 0.31588, 'entropy': tensor(0.9086)}
{'extrinsic': 0.03257150202989578, 'intrinsic': 0.0, 'rnd': 0.0, 'avg_r_int': 0.0, 'alpha': 0.23065060377120972, 'alpha_loss': -0.0011500808177515864, 'batch_nonzero_r_frac': 1.0, 'target_mean': 133.63540649414062, 'td_target_norm_mean': 0.6947654485702515, 'Beta': 0.0, 'Q_ext_mean': 0.43366071581840515, 'Q_int_mean': 0.0, 'last_eps': 0.30788, 'entropy': tensor(0.8739)}
[DQN] Step 100000/1000000 (Episodes: 96) smooth r 14.91648674016471
{'extrinsic': 0.03353816270828247, 'intrinsic': 0.0, 'rnd': 0.0, 'avg_r_int': 0.0, 'alpha': 0.22237955033779144, 'alpha_loss': 0.0059579783119261265, 'batch_nonzero_r_frac': 1.0, 'target_mean': 137.98854064941406, 'td_target_norm_mean': 0.4877816140651703, 'Beta': 0.0, 'Q_ext_mean': 0.3993012607097626, 'Q_int_mean': 0.0, 'last_eps': 0.29988000000000004, 'entropy': tensor(0.9057)}
{'extrinsic': 0.02388864755630493, 'intrinsic': 0.0, 'rnd': 0.0, 'avg_r_int': 0.0, 'alpha': 0.21480345726013184, 'alpha_loss': 0.0031452239491045475, 'batch_nonzero_r_frac': 1.0, 'target_mean': 145.8292236328125, 'td_target_norm_mean': 0.6224012970924377, 'Beta': 0.0, 'Q_ext_mean': 0.4257781207561493, 'Q_int_mean': 0.0, 'last_eps': 0.29188000000000003, 'entropy': tensor(0.8935)}
{'extrinsic': 0.01875397562980652, 'intrinsic': 0.0, 'rnd': 0.0, 'avg_r_int': 0.0, 'alpha': 0.20676760375499725, 'alpha_loss': 0.006670382339507341, 'batch_nonzero_r_frac': 1.0, 'target_mean': 150.47824096679688, 'td_target_norm_mean': 0.4606500566005707, 'Beta': 0.0, 'Q_ext_mean': 0.24580147862434387, 'Q_int_mean': 0.0, 'last_eps': 0.28388, 'entropy': tensor(0.9111)}
[DQN] Step 110000/1000000 (Episodes: 108) smooth r 100.00044245172502
{'extrinsic': 0.01934966817498207, 'intrinsic': 0.0, 'rnd': 0.0, 'avg_r_int': 0.0, 'alpha': 0.1972174197435379, 'alpha_loss': -0.0069908336736261845, 'batch_nonzero_r_frac': 1.0, 'target_mean': 162.6851806640625, 'td_target_norm_mean': 0.7919524908065796, 'Beta': 0.0, 'Q_ext_mean': 0.5623600482940674, 'Q_int_mean': 0.0, 'last_eps': 0.27588, 'entropy': tensor(0.8434)}
{'extrinsic': 0.02662162110209465, 'intrinsic': 0.0, 'rnd': 0.0, 'avg_r_int': 0.0, 'alpha': 0.1885032057762146, 'alpha_loss': 0.0028322110883891582, 'batch_nonzero_r_frac': 1.0, 'target_mean': 166.00094604492188, 'td_target_norm_mean': 0.6568681001663208, 'Beta': 0.0, 'Q_ext_mean': 0.3152613639831543, 'Q_int_mean': 0.0, 'last_eps': 0.26788, 'entropy': tensor(0.8939)}
[DQN] Step 120000/1000000 (Episodes: 116) smooth r 128.2393472886022
{'extrinsic': 0.014611304737627506, 'intrinsic': 0.0, 'rnd': 0.0, 'avg_r_int': 0.0, 'alpha': 0.18513862788677216, 'alpha_loss': 0.008814766071736813, 'batch_nonzero_r_frac': 1.0, 'target_mean': 171.36624145507812, 'td_target_norm_mean': 0.48902571201324463, 'Beta': 0.0, 'Q_ext_mean': 0.1747192144393921, 'Q_int_mean': 0.0, 'last_eps': 0.25988, 'entropy': tensor(0.9265)}
{'extrinsic': 0.016879959031939507, 'intrinsic': 0.0, 'rnd': 0.0, 'avg_r_int': 0.0, 'alpha': 0.18083767592906952, 'alpha_loss': -0.00022163063113112003, 'batch_nonzero_r_frac': 1.0, 'target_mean': 182.56167602539062, 'td_target_norm_mean': 0.6971397399902344, 'Beta': 0.0, 'Q_ext_mean': 0.3763325810432434, 'Q_int_mean': 0.0, 'last_eps': 0.25188, 'entropy': tensor(0.8777)}
{'extrinsic': 0.016136731952428818, 'intrinsic': 0.0, 'rnd': 0.0, 'avg_r_int': 0.0, 'alpha': 0.18041077256202698, 'alpha_loss': 0.0026742464397102594, 'batch_nonzero_r_frac': 1.0, 'target_mean': 187.93692016601562, 'td_target_norm_mean': 0.6627910137176514, 'Beta': 0.0, 'Q_ext_mean': 0.23016399145126343, 'Q_int_mean': 0.0, 'last_eps': 0.24387999999999999, 'entropy': tensor(0.8937)}
[DQN] Step 130000/1000000 (Episodes: 128) smooth r 238.34082629178727
{'extrinsic': 0.021259089931845665, 'intrinsic': 0.0, 'rnd': 0.0, 'avg_r_int': 0.0, 'alpha': 0.18099118769168854, 'alpha_loss': 0.006449010223150253, 'batch_nonzero_r_frac': 0.984375, 'target_mean': 199.19656372070312, 'td_target_norm_mean': 0.8355044722557068, 'Beta': 0.0, 'Q_ext_mean': 0.34131038188934326, 'Q_int_mean': 0.0, 'last_eps': 0.23587999999999998, 'entropy': tensor(0.9145)}
{'extrinsic': 0.019510621204972267, 'intrinsic': 0.0, 'rnd': 0.0, 'avg_r_int': 0.0, 'alpha': 0.1770605742931366, 'alpha_loss': -0.003914898727089167, 'batch_nonzero_r_frac': 1.0, 'target_mean': 213.9807891845703, 'td_target_norm_mean': 1.0022399425506592, 'Beta': 0.0, 'Q_ext_mean': 0.5446363687515259, 'Q_int_mean': 0.0, 'last_eps': 0.22788000000000003, 'entropy': tensor(0.8568)}
[DQN] Step 140000/1000000 (Episodes: 136) smooth r 315.69849630111565
{'extrinsic': 0.01298777386546135, 'intrinsic': 0.0, 'rnd': 0.0, 'avg_r_int': 0.0, 'alpha': 0.1721746176481247, 'alpha_loss': -0.0020149187184870243, 'batch_nonzero_r_frac': 1.0, 'target_mean': 222.13638305664062, 'td_target_norm_mean': 0.8696398138999939, 'Beta': 0.0, 'Q_ext_mean': 0.43468767404556274, 'Q_int_mean': 0.0, 'last_eps': 0.21988000000000002, 'entropy': tensor(0.8672)}
{'extrinsic': 0.020283881574869156, 'intrinsic': 0.0, 'rnd': 0.0, 'avg_r_int': 0.0, 'alpha': 0.17121778428554535, 'alpha_loss': -0.003143863519653678, 'batch_nonzero_r_frac': 1.0, 'target_mean': 233.1385498046875, 'td_target_norm_mean': 0.9062499403953552, 'Beta': 0.0, 'Q_ext_mean': 0.4924338757991791, 'Q_int_mean': 0.0, 'last_eps': 0.21188, 'entropy': tensor(0.8605)}
{'extrinsic': 0.01056705228984356, 'intrinsic': 0.0, 'rnd': 0.0, 'avg_r_int': 0.0, 'alpha': 0.16568320989608765, 'alpha_loss': 0.005663116928189993, 'batch_nonzero_r_frac': 1.0, 'target_mean': 240.10464477539062, 'td_target_norm_mean': 0.8742938041687012, 'Beta': 0.0, 'Q_ext_mean': 0.3493437170982361, 'Q_int_mean': 0.0, 'last_eps': 0.20388, 'entropy': tensor(0.9131)}
[DQN] Step 150000/1000000 (Episodes: 148) smooth r 331.06051889487816
{'extrinsic': 0.014123198576271534, 'intrinsic': 0.0, 'rnd': 0.0, 'avg_r_int': 0.0, 'alpha': 0.1661147028207779, 'alpha_loss': -0.005141678266227245, 'batch_nonzero_r_frac': 1.0, 'target_mean': 247.4402313232422, 'td_target_norm_mean': 0.8515138626098633, 'Beta': 0.0, 'Q_ext_mean': 0.3441639840602875, 'Q_int_mean': 0.0, 'last_eps': 0.19588, 'entropy': tensor(0.8479)}
{'extrinsic': 0.015015735290944576, 'intrinsic': 0.0, 'rnd': 0.0, 'avg_r_int': 0.0, 'alpha': 0.16512128710746765, 'alpha_loss': 0.0007092421874403954, 'batch_nonzero_r_frac': 1.0, 'target_mean': 251.65025329589844, 'td_target_norm_mean': 0.849341094493866, 'Beta': 0.0, 'Q_ext_mean': 0.1119895800948143, 'Q_int_mean': 0.0, 'last_eps': 0.18788, 'entropy': tensor(0.8832)}
[DQN] Step 160000/1000000 (Episodes: 156) smooth r 339.2820349434612
{'extrinsic': 0.02123815007507801, 'intrinsic': 0.0, 'rnd': 0.0, 'avg_r_int': 0.0, 'alpha': 0.16216211020946503, 'alpha_loss': -0.004157058894634247, 'batch_nonzero_r_frac': 1.0, 'target_mean': 259.8763122558594, 'td_target_norm_mean': 0.9141430258750916, 'Beta': 0.0, 'Q_ext_mean': 0.31514236330986023, 'Q_int_mean': 0.0, 'last_eps': 0.17987999999999998, 'entropy': tensor(0.8533)}
{'extrinsic': 0.02316286414861679, 'intrinsic': 0.0, 'rnd': 0.0, 'avg_r_int': 0.0, 'alpha': 0.15577206015586853, 'alpha_loss': 0.006650789640843868, 'batch_nonzero_r_frac': 1.0, 'target_mean': 258.764892578125, 'td_target_norm_mean': 0.6700413227081299, 'Beta': 0.0, 'Q_ext_mean': 0.10141275823116302, 'Q_int_mean': 0.0, 'last_eps': 0.17187999999999998, 'entropy': tensor(0.9216)}
{'extrinsic': 0.024235276505351067, 'intrinsic': 0.0, 'rnd': 0.0, 'avg_r_int': 0.0, 'alpha': 0.14646346867084503, 'alpha_loss': -0.003460461040958762, 'batch_nonzero_r_frac': 0.984375, 'target_mean': 272.16070556640625, 'td_target_norm_mean': 1.0350611209869385, 'Beta': 0.0, 'Q_ext_mean': 0.33897846937179565, 'Q_int_mean': 0.0, 'last_eps': 0.16388000000000003, 'entropy': tensor(0.8553)}
[DQN] Step 170000/1000000 (Episodes: 168) smooth r 276.5262823390158
{'extrinsic': 0.013056189753115177, 'intrinsic': 0.0, 'rnd': 0.0, 'avg_r_int': 0.0, 'alpha': 0.13737447559833527, 'alpha_loss': 0.006700020283460617, 'batch_nonzero_r_frac': 1.0, 'target_mean': 260.1511535644531, 'td_target_norm_mean': 0.628267765045166, 'Beta': 0.0, 'Q_ext_mean': -0.23841208219528198, 'Q_int_mean': 0.0, 'last_eps': 0.15588000000000002, 'entropy': tensor(0.9277)}
{'extrinsic': 0.01351892575621605, 'intrinsic': 0.0, 'rnd': 0.0, 'avg_r_int': 0.0, 'alpha': 0.13251757621765137, 'alpha_loss': 0.0020727559458464384, 'batch_nonzero_r_frac': 1.0, 'target_mean': 262.970458984375, 'td_target_norm_mean': 0.7228083610534668, 'Beta': 0.0, 'Q_ext_mean': -0.13520605862140656, 'Q_int_mean': 0.0, 'last_eps': 0.14788, 'entropy': tensor(0.8945)}
[DQN] Step 180000/1000000 (Episodes: 176) smooth r 173.2924814314323
{'extrinsic': 0.011701095849275589, 'intrinsic': 0.0, 'rnd': 0.0, 'avg_r_int': 0.0, 'alpha': 0.13141605257987976, 'alpha_loss': 0.004141456913203001, 'batch_nonzero_r_frac': 1.0, 'target_mean': 269.9338684082031, 'td_target_norm_mean': 0.7624260187149048, 'Beta': 0.0, 'Q_ext_mean': 0.0026188890915364027, 'Q_int_mean': 0.0, 'last_eps': 0.13988, 'entropy': tensor(0.9104)}
{'extrinsic': 0.01664179004728794, 'intrinsic': 0.0, 'rnd': 0.0, 'avg_r_int': 0.0, 'alpha': 0.12584251165390015, 'alpha_loss': -0.001010413165204227, 'batch_nonzero_r_frac': 1.0, 'target_mean': 268.35504150390625, 'td_target_norm_mean': 0.7649240493774414, 'Beta': 0.0, 'Q_ext_mean': -0.1450508087873459, 'Q_int_mean': 0.0, 'last_eps': 0.13188, 'entropy': tensor(0.8709)}
{'extrinsic': 0.00899746734648943, 'intrinsic': 0.0, 'rnd': 0.0, 'avg_r_int': 0.0, 'alpha': 0.125433087348938, 'alpha_loss': 0.002517965156584978, 'batch_nonzero_r_frac': 1.0, 'target_mean': 276.340576171875, 'td_target_norm_mean': 0.8662652373313904, 'Beta': 0.0, 'Q_ext_mean': 0.18503794074058533, 'Q_int_mean': 0.0, 'last_eps': 0.12387999999999999, 'entropy': tensor(0.8990)}[DQN] Step 190000/1000000 (Episodes: 188) smooth r 229.76892909729642
{'extrinsic': 0.007910974323749542, 'intrinsic': 0.0, 'rnd': 0.0, 'avg_r_int': 0.0, 'alpha': 0.12201378494501114, 'alpha_loss': 0.004130092449486256, 'batch_nonzero_r_frac': 1.0, 'target_mean': 281.12469482421875, 'td_target_norm_mean': 0.918230414390564, 'Beta': 0.0, 'Q_ext_mean': 0.14995571970939636, 'Q_int_mean': 0.0, 'last_eps': 0.11587999999999998, 'entropy': tensor(0.9127)}
{'extrinsic': 0.010221893899142742, 'intrinsic': 0.0, 'rnd': 0.0, 'avg_r_int': 0.0, 'alpha': 0.12352152913808823, 'alpha_loss': 0.006122965831309557, 'batch_nonzero_r_frac': 1.0, 'target_mean': 290.8531494140625, 'td_target_norm_mean': 0.9110856652259827, 'Beta': 0.0, 'Q_ext_mean': 0.22264854609966278, 'Q_int_mean': 0.0, 'last_eps': 0.10787999999999998, 'entropy': tensor(0.9285)}
[DQN] Step 200000/1000000 (Episodes: 196) smooth r 336.3067503225746
{'extrinsic': 0.011171740479767323, 'intrinsic': 0.0, 'rnd': 0.0, 'avg_r_int': 0.0, 'alpha': 0.12210085242986679, 'alpha_loss': 0.006389787420630455, 'batch_nonzero_r_frac': 1.0, 'target_mean': 291.9237365722656, 'td_target_norm_mean': 0.909307599067688, 'Beta': 0.0, 'Q_ext_mean': 0.1005462110042572, 'Q_int_mean': 0.0, 'last_eps': 0.09988000000000002, 'entropy': tensor(0.9312)}
{'extrinsic': 0.014861597679555416, 'intrinsic': 0.0, 'rnd': 0.0, 'avg_r_int': 0.0, 'alpha': 0.12410033494234085, 'alpha_loss': -0.003175573656335473, 'batch_nonzero_r_frac': 1.0, 'target_mean': 304.46173095703125, 'td_target_norm_mean': 0.9386690258979797, 'Beta': 0.0, 'Q_ext_mean': 0.17686450481414795, 'Q_int_mean': 0.0, 'last_eps': 0.09188000000000002, 'entropy': tensor(0.8533)}
{'extrinsic': 0.008263390511274338, 'intrinsic': 0.0, 'rnd': 0.0, 'avg_r_int': 0.0, 'alpha': 0.12215215712785721, 'alpha_loss': -7.241572893690318e-05, 'batch_nonzero_r_frac': 1.0, 'target_mean': 301.5560607910156, 'td_target_norm_mean': 0.9055395722389221, 'Beta': 0.0, 'Q_ext_mean': -0.01650112494826317, 'Q_int_mean': 0.0, 'last_eps': 0.08388000000000001, 'entropy': tensor(0.8783)}
[DQN] Step 210000/1000000 (Episodes: 208) smooth r 334.8231718593841
{'extrinsic': 0.011008231900632381, 'intrinsic': 0.0, 'rnd': 0.0, 'avg_r_int': 0.0, 'alpha': 0.12072323262691498, 'alpha_loss': 0.004021503962576389, 'batch_nonzero_r_frac': 1.0, 'target_mean': 304.7729797363281, 'td_target_norm_mean': 0.8612145781517029, 'Beta': 0.0, 'Q_ext_mean': -0.04994354024529457, 'Q_int_mean': 0.0, 'last_eps': 0.07588, 'entropy': tensor(0.9122)}
{'extrinsic': 0.008544995449483395, 'intrinsic': 0.0, 'rnd': 0.0, 'avg_r_int': 0.0, 'alpha': 0.11654967814683914, 'alpha_loss': 0.002258765511214733, 'batch_nonzero_r_frac': 1.0, 'target_mean': 310.9688720703125, 'td_target_norm_mean': 0.9755513668060303, 'Beta': 0.0, 'Q_ext_mean': 0.06849121302366257, 'Q_int_mean': 0.0, 'last_eps': 0.06788, 'entropy': tensor(0.8983)}
[DQN] Step 220000/1000000 (Episodes: 216) smooth r 393.68319314068185
{'extrinsic': 0.00559132918715477, 'intrinsic': 0.0, 'rnd': 0.0, 'avg_r_int': 0.0, 'alpha': 0.11223547160625458, 'alpha_loss': 0.0033641813788563013, 'batch_nonzero_r_frac': 1.0, 'target_mean': 318.1996765136719, 'td_target_norm_mean': 0.9690347909927368, 'Beta': 0.0, 'Q_ext_mean': 0.19029788672924042, 'Q_int_mean': 0.0, 'last_eps': 0.05987999999999999, 'entropy': tensor(0.9089)}
{'extrinsic': 0.006162223406136036, 'intrinsic': 0.0, 'rnd': 0.0, 'avg_r_int': 0.0, 'alpha': 0.11040543764829636, 'alpha_loss': 0.00472526578232646, 'batch_nonzero_r_frac': 1.0, 'target_mean': 332.1462097167969, 'td_target_norm_mean': 1.0194675922393799, 'Beta': 0.0, 'Q_ext_mean': 0.40948593616485596, 'Q_int_mean': 0.0, 'last_eps': 0.05187999999999998, 'entropy': tensor(0.9217)}
{'extrinsic': 0.00903010182082653, 'intrinsic': 0.0, 'rnd': 0.0, 'avg_r_int': 0.0, 'alpha': 0.11014685779809952, 'alpha_loss': 0.0011433773906901479, 'batch_nonzero_r_frac': 1.0, 'target_mean': 324.35308837890625, 'td_target_norm_mean': 0.9676473736763, 'Beta': 0.0, 'Q_ext_mean': 0.07964546978473663, 'Q_int_mean': 0.0, 'last_eps': 0.05, 'entropy': tensor(0.8893)}
[DQN] Step 230000/1000000 (Episodes: 228) smooth r 457.55429671563877
{'extrinsic': 0.008794514462351799, 'intrinsic': 0.0, 'rnd': 0.0, 'avg_r_int': 0.0, 'alpha': 0.11233139038085938, 'alpha_loss': 0.000453684275271371, 'batch_nonzero_r_frac': 1.0, 'target_mean': 330.43927001953125, 'td_target_norm_mean': 0.9603176712989807, 'Beta': 0.0, 'Q_ext_mean': 0.14402158558368683, 'Q_int_mean': 0.0, 'last_eps': 0.05, 'entropy': tensor(0.8829)}
{'extrinsic': 0.008251724764704704, 'intrinsic': 0.0, 'rnd': 0.0, 'avg_r_int': 0.0, 'alpha': 0.11114372313022614, 'alpha_loss': -0.003532014088705182, 'batch_nonzero_r_frac': 1.0, 'target_mean': 332.43804931640625, 'td_target_norm_mean': 0.9668964147567749, 'Beta': 0.0, 'Q_ext_mean': 0.04823629930615425, 'Q_int_mean': 0.0, 'last_eps': 0.05, 'entropy': tensor(0.8471)}
[DQN] Step 240000/1000000 (Episodes: 236) smooth r 424.4796511958566
{'extrinsic': 0.006891438737511635, 'intrinsic': 0.0, 'rnd': 0.0, 'avg_r_int': 0.0, 'alpha': 0.10986095666885376, 'alpha_loss': -0.0011830300791189075, 'batch_nonzero_r_frac': 1.0, 'target_mean': 325.94891357421875, 'td_target_norm_mean': 1.0268511772155762, 'Beta': 0.0, 'Q_ext_mean': -0.1418832689523697, 'Q_int_mean': 0.0, 'last_eps': 0.05, 'entropy': tensor(0.8681)}
{'extrinsic': 0.013050048612058163, 'intrinsic': 0.0, 'rnd': 0.0, 'avg_r_int': 0.0, 'alpha': 0.10731779783964157, 'alpha_loss': 0.006468079052865505, 'batch_nonzero_r_frac': 1.0, 'target_mean': 326.00848388671875, 'td_target_norm_mean': 0.9140143990516663, 'Beta': 0.0, 'Q_ext_mean': -0.18363505601882935, 'Q_int_mean': 0.0, 'last_eps': 0.05, 'entropy': tensor(0.9392)}
{'extrinsic': 0.01051828172057867, 'intrinsic': 0.0, 'rnd': 0.0, 'avg_r_int': 0.0, 'alpha': 0.10661014169454575, 'alpha_loss': 0.0036275936290621758, 'batch_nonzero_r_frac': 1.0, 'target_mean': 338.5109558105469, 'td_target_norm_mean': 0.9240522384643555, 'Beta': 0.0, 'Q_ext_mean': 0.09133056551218033, 'Q_int_mean': 0.0, 'last_eps': 0.05, 'entropy': tensor(0.9129)}
[DQN] Step 250000/1000000 (Episodes: 248) smooth r 490.88900454483723
{'extrinsic': 0.015172895975410938, 'intrinsic': 0.0, 'rnd': 0.0, 'avg_r_int': 0.0, 'alpha': 0.10245838016271591, 'alpha_loss': -0.0011050290195271373, 'batch_nonzero_r_frac': 1.0, 'target_mean': 344.0967712402344, 'td_target_norm_mean': 0.9749515056610107, 'Beta': 0.0, 'Q_ext_mean': 0.12692178785800934, 'Q_int_mean': 0.0, 'last_eps': 0.05, 'entropy': tensor(0.8681)}
{'extrinsic': 0.00931664276868105, 'intrinsic': 0.0, 'rnd': 0.0, 'avg_r_int': 0.0, 'alpha': 0.10168121010065079, 'alpha_loss': -0.0042098574340343475, 'batch_nonzero_r_frac': 1.0, 'target_mean': 345.39227294921875, 'td_target_norm_mean': 0.9298700094223022, 'Beta': 0.0, 'Q_ext_mean': 0.18353261053562164, 'Q_int_mean': 0.0, 'last_eps': 0.05, 'entropy': tensor(0.8375)}
[DQN] Step 260000/1000000 (Episodes: 256) smooth r 423.8643394551261
{'extrinsic': 0.008267528377473354, 'intrinsic': 0.0, 'rnd': 0.0, 'avg_r_int': 0.0, 'alpha': 0.10059791803359985, 'alpha_loss': -0.0020423082169145346, 'batch_nonzero_r_frac': 1.0, 'target_mean': 348.6951599121094, 'td_target_norm_mean': 0.9172386527061462, 'Beta': 0.0, 'Q_ext_mean': 0.1097995936870575, 'Q_int_mean': 0.0, 'last_eps': 0.05, 'entropy': tensor(0.8586)}
{'extrinsic': 0.007542911451309919, 'intrinsic': 0.0, 'rnd': 0.0, 'avg_r_int': 0.0, 'alpha': 0.1014351025223732, 'alpha_loss': 0.0039586941711604595, 'batch_nonzero_r_frac': 1.0, 'target_mean': 344.47998046875, 'td_target_norm_mean': 0.9018546938896179, 'Beta': 0.0, 'Q_ext_mean': -0.019960757344961166, 'Q_int_mean': 0.0, 'last_eps': 0.05, 'entropy': tensor(0.9179)}
{'extrinsic': 0.005140585824847221, 'intrinsic': 0.0, 'rnd': 0.0, 'avg_r_int': 0.0, 'alpha': 0.09962597489356995, 'alpha_loss': 0.0020837706979364157, 'batch_nonzero_r_frac': 1.0, 'target_mean': 350.7043151855469, 'td_target_norm_mean': 0.9511890411376953, 'Beta': 0.0, 'Q_ext_mean': -0.004255231935530901, 'Q_int_mean': 0.0, 'last_eps': 0.05, 'entropy': tensor(0.8998)}
[DQN] Step 270000/1000000 (Episodes: 268) smooth r 441.247296747133
{'extrinsic': 0.006640457082539797, 'intrinsic': 0.0, 'rnd': 0.0, 'avg_r_int': 0.0, 'alpha': 0.09770737588405609, 'alpha_loss': 0.0009769758908078074, 'batch_nonzero_r_frac': 1.0, 'target_mean': 357.17266845703125, 'td_target_norm_mean': 0.9921090602874756, 'Beta': 0.0, 'Q_ext_mean': 0.14760538935661316, 'Q_int_mean': 0.0, 'last_eps': 0.05, 'entropy': tensor(0.8889)}
{'extrinsic': 0.0069669997319579124, 'intrinsic': 0.0, 'rnd': 0.0, 'avg_r_int': 0.0, 'alpha': 0.0985085517168045, 'alpha_loss': -0.0009359578252770007, 'batch_nonzero_r_frac': 1.0, 'target_mean': 356.38800048828125, 'td_target_norm_mean': 0.9314888119697571, 'Beta': 0.0, 'Q_ext_mean': 0.05501597374677658, 'Q_int_mean': 0.0, 'last_eps': 0.05, 'entropy': tensor(0.8694)}
[DQN] Step 280000/1000000 (Episodes: 276) smooth r 444.049498558201
{'extrinsic': 0.017273154109716415, 'intrinsic': 0.0, 'rnd': 0.0, 'avg_r_int': 0.0, 'alpha': 0.09888207912445068, 'alpha_loss': -0.003792105708271265, 'batch_nonzero_r_frac': 1.0, 'target_mean': 365.8447265625, 'td_target_norm_mean': 1.0398027896881104, 'Beta': 0.0, 'Q_ext_mean': 0.08794757723808289, 'Q_int_mean': 0.0, 'last_eps': 0.05, 'entropy': tensor(0.8405)}
{'extrinsic': 0.0385708324611187, 'intrinsic': 0.0, 'rnd': 0.0, 'avg_r_int': 0.0, 'alpha': 0.09736444056034088, 'alpha_loss': 0.004700756166130304, 'batch_nonzero_r_frac': 0.984375, 'target_mean': 365.94964599609375, 'td_target_norm_mean': 0.9720214009284973, 'Beta': 0.0, 'Q_ext_mean': 0.08390697091817856, 'Q_int_mean': 0.0, 'last_eps': 0.05, 'entropy': tensor(0.9272)}
{'extrinsic': 0.008065329864621162, 'intrinsic': 0.0, 'rnd': 0.0, 'avg_r_int': 0.0, 'alpha': 0.09625725448131561, 'alpha_loss': -0.0034306843299418688, 'batch_nonzero_r_frac': 1.0, 'target_mean': 359.69329833984375, 'td_target_norm_mean': 0.9722803235054016, 'Beta': 0.0, 'Q_ext_mean': -0.06531611829996109, 'Q_int_mean': 0.0, 'last_eps': 0.05, 'entropy': tensor(0.8432)}
[DQN] Step 290000/1000000 (Episodes: 288) smooth r 424.492300732009
{'extrinsic': 0.0034384778700768948, 'intrinsic': 0.0, 'rnd': 0.0, 'avg_r_int': 0.0, 'alpha': 0.09839742630720139, 'alpha_loss': 0.0015088367508724332, 'batch_nonzero_r_frac': 1.0, 'target_mean': 361.3790588378906, 'td_target_norm_mean': 0.9680001139640808, 'Beta': 0.0, 'Q_ext_mean': -0.09209521859884262, 'Q_int_mean': 0.0, 'last_eps': 0.05, 'entropy': tensor(0.8942)}
{'extrinsic': 0.007940428331494331, 'intrinsic': 0.0, 'rnd': 0.0, 'avg_r_int': 0.0, 'alpha': 0.09965749830007553, 'alpha_loss': -0.007861596532166004, 'batch_nonzero_r_frac': 1.0, 'target_mean': 382.564453125, 'td_target_norm_mean': 0.983639657497406, 'Beta': 0.0, 'Q_ext_mean': 0.30774685740470886, 'Q_int_mean': 0.0, 'last_eps': 0.05, 'entropy': tensor(0.8000)}
[DQN] Step 300000/1000000 (Episodes: 296) smooth r 572.0518981802613
{'extrinsic': 0.0059200469404459, 'intrinsic': 0.0, 'rnd': 0.0, 'avg_r_int': 0.0, 'alpha': 0.10206761956214905, 'alpha_loss': 0.0024452488869428635, 'batch_nonzero_r_frac': 1.0, 'target_mean': 388.5986633300781, 'td_target_norm_mean': 0.9935989379882812, 'Beta': 0.0, 'Q_ext_mean': 0.2709486186504364, 'Q_int_mean': 0.0, 'last_eps': 0.05, 'entropy': tensor(0.9028)}
{'extrinsic': 0.008301050402224064, 'intrinsic': 0.0, 'rnd': 0.0, 'avg_r_int': 0.0, 'alpha': 0.10295215249061584, 'alpha_loss': -0.003629672108218074, 'batch_nonzero_r_frac': 1.0, 'target_mean': 397.79095458984375, 'td_target_norm_mean': 0.9476509690284729, 'Beta': 0.0, 'Q_ext_mean': 0.3158120810985565, 'Q_int_mean': 0.0, 'last_eps': 0.05, 'entropy': tensor(0.8436)}
{'extrinsic': 0.011899618431925774, 'intrinsic': 0.0, 'rnd': 0.0, 'avg_r_int': 0.0, 'alpha': 0.10555199533700943, 'alpha_loss': -0.0016885744407773018, 'batch_nonzero_r_frac': 1.0, 'target_mean': 395.4595642089844, 'td_target_norm_mean': 0.8948881030082703, 'Beta': 0.0, 'Q_ext_mean': 0.03331993520259857, 'Q_int_mean': 0.0, 'last_eps': 0.05, 'entropy': tensor(0.8629)}
[DQN] Step 310000/1000000 (Episodes: 308) smooth r 655.101239021852
{'extrinsic': 0.005856145638972521, 'intrinsic': 0.0, 'rnd': 0.0, 'avg_r_int': 0.0, 'alpha': 0.10854348540306091, 'alpha_loss': 0.0022713160142302513, 'batch_nonzero_r_frac': 1.0, 'target_mean': 409.4674072265625, 'td_target_norm_mean': 0.9375187754631042, 'Beta': 0.0, 'Q_ext_mean': 0.22874635457992554, 'Q_int_mean': 0.0, 'last_eps': 0.05, 'entropy': tensor(0.8998)}
{'extrinsic': 0.012481574900448322, 'intrinsic': 0.0, 'rnd': 0.0, 'avg_r_int': 0.0, 'alpha': 0.1134931817650795, 'alpha_loss': -0.005314100533723831, 'batch_nonzero_r_frac': 1.0, 'target_mean': 418.6394348144531, 'td_target_norm_mean': 0.8492196202278137, 'Beta': 0.0, 'Q_ext_mean': 0.27339133620262146, 'Q_int_mean': 0.0, 'last_eps': 0.05, 'entropy': tensor(0.8321)}
[DQN] Step 320000/1000000 (Episodes: 316) smooth r 915.2476408662834
{'extrinsic': 0.00748857855796814, 'intrinsic': 0.0, 'rnd': 0.0, 'avg_r_int': 0.0, 'alpha': 0.1206074059009552, 'alpha_loss': -0.003925326280295849, 'batch_nonzero_r_frac': 1.0, 'target_mean': 416.6105651855469, 'td_target_norm_mean': 0.9304969310760498, 'Beta': 0.0, 'Q_ext_mean': -0.004143787082284689, 'Q_int_mean': 0.0, 'last_eps': 0.05, 'entropy': tensor(0.8463)}
{'extrinsic': 0.011799442581832409, 'intrinsic': 0.0, 'rnd': 0.0, 'avg_r_int': 0.0, 'alpha': 0.12613366544246674, 'alpha_loss': -0.005432639736682177, 'batch_nonzero_r_frac': 1.0, 'target_mean': 439.0140075683594, 'td_target_norm_mean': 0.8493067026138306, 'Beta': 0.0, 'Q_ext_mean': 0.3677631914615631, 'Q_int_mean': 0.0, 'last_eps': 0.05, 'entropy': tensor(0.8358)}
{'extrinsic': 0.008658605627715588, 'intrinsic': 0.0, 'rnd': 0.0, 'avg_r_int': 0.0, 'alpha': 0.13276532292366028, 'alpha_loss': -0.00010184640268562362, 'batch_nonzero_r_frac': 1.0, 'target_mean': 442.92633056640625, 'td_target_norm_mean': 0.742119550704956, 'Beta': 0.0, 'Q_ext_mean': 0.2725409269332886, 'Q_int_mean': 0.0, 'last_eps': 0.05, 'entropy': tensor(0.8781)}
[DQN] Step 330000/1000000 (Episodes: 328) smooth r 989.4703568179264
{'extrinsic': 0.014149587601423264, 'intrinsic': 0.0, 'rnd': 0.0, 'avg_r_int': 0.0, 'alpha': 0.1367778778076172, 'alpha_loss': -0.001462875516153872, 'batch_nonzero_r_frac': 1.0, 'target_mean': 437.3532409667969, 'td_target_norm_mean': 0.9668517708778381, 'Beta': 0.0, 'Q_ext_mean': -0.06568630039691925, 'Q_int_mean': 0.0, 'last_eps': 0.05, 'entropy': tensor(0.8682)}
{'extrinsic': 0.0094529390335083, 'intrinsic': 0.0, 'rnd': 0.0, 'avg_r_int': 0.0, 'alpha': 0.1308945119380951, 'alpha_loss': -0.0021730270236730576, 'batch_nonzero_r_frac': 1.0, 'target_mean': 443.13238525390625, 'td_target_norm_mean': 0.9547173976898193, 'Beta': 0.0, 'Q_ext_mean': 0.043520573526620865, 'Q_int_mean': 0.0, 'last_eps': 0.05, 'entropy': tensor(0.8623)}
[DQN] Step 340000/1000000 (Episodes: 336) smooth r 948.4899258323728
{'extrinsic': 0.019969593733549118, 'intrinsic': 0.0, 'rnd': 0.0, 'avg_r_int': 0.0, 'alpha': 0.11971081048250198, 'alpha_loss': 0.0022255342919379473, 'batch_nonzero_r_frac': 1.0, 'target_mean': 438.830322265625, 'td_target_norm_mean': 0.9402633309364319, 'Beta': 0.0, 'Q_ext_mean': 0.021180514246225357, 'Q_int_mean': 0.0, 'last_eps': 0.05, 'entropy': tensor(0.8975)}
{'extrinsic': 0.006991875357925892, 'intrinsic': 0.0, 'rnd': 0.0, 'avg_r_int': 0.0, 'alpha': 0.11245089769363403, 'alpha_loss': -0.0030087693594396114, 'batch_nonzero_r_frac': 1.0, 'target_mean': 448.67279052734375, 'td_target_norm_mean': 0.9974679946899414, 'Beta': 0.0, 'Q_ext_mean': 0.17500174045562744, 'Q_int_mean': 0.0, 'last_eps': 0.05, 'entropy': tensor(0.8521)}
{'extrinsic': 0.006638070568442345, 'intrinsic': 0.0, 'rnd': 0.0, 'avg_r_int': 0.0, 'alpha': 0.10637916624546051, 'alpha_loss': 0.006014740094542503, 'batch_nonzero_r_frac': 1.0, 'target_mean': 436.037841796875, 'td_target_norm_mean': 1.0008866786956787, 'Beta': 0.0, 'Q_ext_mean': -0.1416662037372589, 'Q_int_mean': 0.0, 'last_eps': 0.05, 'entropy': tensor(0.9354)}
[DQN] Step 350000/1000000 (Episodes: 348) smooth r 753.4322379642236
{'extrinsic': 0.008527190424501896, 'intrinsic': 0.0, 'rnd': 0.0, 'avg_r_int': 0.0, 'alpha': 0.10179710388183594, 'alpha_loss': 0.0013269665651023388, 'batch_nonzero_r_frac': 1.0, 'target_mean': 452.81512451171875, 'td_target_norm_mean': 0.958753764629364, 'Beta': 0.0, 'Q_ext_mean': 0.1428707093000412, 'Q_int_mean': 0.0, 'last_eps': 0.05, 'entropy': tensor(0.8919)}
{'extrinsic': 0.004280609078705311, 'intrinsic': 0.0, 'rnd': 0.0, 'avg_r_int': 0.0, 'alpha': 0.09861984103918076, 'alpha_loss': 0.0069768838584423065, 'batch_nonzero_r_frac': 1.0, 'target_mean': 441.67388916015625, 'td_target_norm_mean': 0.9804093241691589, 'Beta': 0.0, 'Q_ext_mean': -0.14893130958080292, 'Q_int_mean': 0.0, 'last_eps': 0.05, 'entropy': tensor(0.9496)}
[DQN] Step 360000/1000000 (Episodes: 356) smooth r 781.0119391093343
{'extrinsic': 0.008916327729821205, 'intrinsic': 0.0, 'rnd': 0.0, 'avg_r_int': 0.0, 'alpha': 0.09615250676870346, 'alpha_loss': 0.001185083296149969, 'batch_nonzero_r_frac': 1.0, 'target_mean': 455.87799072265625, 'td_target_norm_mean': 1.0148988962173462, 'Beta': 0.0, 'Q_ext_mean': 0.04540218412876129, 'Q_int_mean': 0.0, 'last_eps': 0.05, 'entropy': tensor(0.8912)}
{'extrinsic': 0.03406904265284538, 'intrinsic': 0.0, 'rnd': 0.0, 'avg_r_int': 0.0, 'alpha': 0.09551159292459488, 'alpha_loss': -0.0007035183371044695, 'batch_nonzero_r_frac': 0.984375, 'target_mean': 450.18182373046875, 'td_target_norm_mean': 0.9871951937675476, 'Beta': 0.0, 'Q_ext_mean': -0.1553986668586731, 'Q_int_mean': 0.0, 'last_eps': 0.05, 'entropy': tensor(0.8715)}
{'extrinsic': 0.00678865984082222, 'intrinsic': 0.0, 'rnd': 0.0, 'avg_r_int': 0.0, 'alpha': 0.09382510930299759, 'alpha_loss': -5.144945589563577e-07, 'batch_nonzero_r_frac': 1.0, 'target_mean': 453.48260498046875, 'td_target_norm_mean': 0.9558010101318359, 'Beta': 0.0, 'Q_ext_mean': -0.05896645039319992, 'Q_int_mean': 0.0, 'last_eps': 0.05, 'entropy': tensor(0.8789)}
[DQN] Step 370000/1000000 (Episodes: 368) smooth r 629.3972451949796
{'extrinsic': 0.009516960941255093, 'intrinsic': 0.0, 'rnd': 0.0, 'avg_r_int': 0.0, 'alpha': 0.09230851382017136, 'alpha_loss': -0.0011584653984755278, 'batch_nonzero_r_frac': 1.0, 'target_mean': 451.4867248535156, 'td_target_norm_mean': 0.9510785937309265, 'Beta': 0.0, 'Q_ext_mean': -0.0051703196950256824, 'Q_int_mean': 0.0, 'last_eps': 0.05, 'entropy': tensor(0.8663)}
{'extrinsic': 0.03662993386387825, 'intrinsic': 0.0, 'rnd': 0.0, 'avg_r_int': 0.0, 'alpha': 0.08885286003351212, 'alpha_loss': 0.0004784669145010412, 'batch_nonzero_r_frac': 0.984375, 'target_mean': 450.4610290527344, 'td_target_norm_mean': 0.9739915728569031, 'Beta': 0.0, 'Q_ext_mean': -0.01042358111590147, 'Q_int_mean': 0.0, 'last_eps': 0.05, 'entropy': tensor(0.8843)}
[DQN] Step 380000/1000000 (Episodes: 376) smooth r 460.63032603193545
{'extrinsic': 0.005296766757965088, 'intrinsic': 0.0, 'rnd': 0.0, 'avg_r_int': 0.0, 'alpha': 0.08743177354335785, 'alpha_loss': 0.0026101337280124426, 'batch_nonzero_r_frac': 1.0, 'target_mean': 446.0733642578125, 'td_target_norm_mean': 1.0041271448135376, 'Beta': 0.0, 'Q_ext_mean': 0.033127930015325546, 'Q_int_mean': 0.0, 'last_eps': 0.05, 'entropy': tensor(0.9087)}
{'extrinsic': 0.004953571129590273, 'intrinsic': 0.0, 'rnd': 0.0, 'avg_r_int': 0.0, 'alpha': 0.08663727343082428, 'alpha_loss': 0.00632245559245348, 'batch_nonzero_r_frac': 1.0, 'target_mean': 426.55377197265625, 'td_target_norm_mean': 0.9124614000320435, 'Beta': 0.0, 'Q_ext_mean': -0.30149582028388977, 'Q_int_mean': 0.0, 'last_eps': 0.05, 'entropy': tensor(0.9519)}
{'extrinsic': 0.007106700446456671, 'intrinsic': 0.0, 'rnd': 0.0, 'avg_r_int': 0.0, 'alpha': 0.083469457924366, 'alpha_loss': 0.0017326446250081062, 'batch_nonzero_r_frac': 1.0, 'target_mean': 434.8486328125, 'td_target_norm_mean': 0.9622498154640198, 'Beta': 0.0, 'Q_ext_mean': -0.10596546530723572, 'Q_int_mean': 0.0, 'last_eps': 0.05, 'entropy': tensor(0.8996)}
[DQN] Step 390000/1000000 (Episodes: 388) smooth r 561.8323896795162
{'extrinsic': 0.0048036761581897736, 'intrinsic': 0.0, 'rnd': 0.0, 'avg_r_int': 0.0, 'alpha': 0.08491044491529465, 'alpha_loss': -0.0017691560788080096, 'batch_nonzero_r_frac': 1.0, 'target_mean': 458.7541809082031, 'td_target_norm_mean': 1.0134469270706177, 'Beta': 0.0, 'Q_ext_mean': 0.2875068485736847, 'Q_int_mean': 0.0, 'last_eps': 0.05, 'entropy': tensor(0.8581)}
{'extrinsic': 0.009019311517477036, 'intrinsic': 0.0, 'rnd': 0.0, 'avg_r_int': 0.0, 'alpha': 0.08667276799678802, 'alpha_loss': 0.0018281060038134456, 'batch_nonzero_r_frac': 1.0, 'target_mean': 451.99169921875, 'td_target_norm_mean': 0.9497179388999939, 'Beta': 0.0, 'Q_ext_mean': 0.03293363004922867, 'Q_int_mean': 0.0, 'last_eps': 0.05, 'entropy': tensor(0.9000)}
[DQN] Step 400000/1000000 (Episodes: 396) smooth r 688.5582493604452
{'extrinsic': 0.004790673963725567, 'intrinsic': 0.0, 'rnd': 0.0, 'avg_r_int': 0.0, 'alpha': 0.09062328189611435, 'alpha_loss': -0.003715306520462036, 'batch_nonzero_r_frac': 1.0, 'target_mean': 465.9862976074219, 'td_target_norm_mean': 0.9126296043395996, 'Beta': 0.0, 'Q_ext_mean': 0.14990860223770142, 'Q_int_mean': 0.0, 'last_eps': 0.05, 'entropy': tensor(0.8379)}
{'extrinsic': 0.006135131232440472, 'intrinsic': 0.0, 'rnd': 0.0, 'avg_r_int': 0.0, 'alpha': 0.09348711371421814, 'alpha_loss': -0.0036005417350679636, 'batch_nonzero_r_frac': 1.0, 'target_mean': 464.6446228027344, 'td_target_norm_mean': 0.9124338030815125, 'Beta': 0.0, 'Q_ext_mean': 0.04300680756568909, 'Q_int_mean': 0.0, 'last_eps': 0.05, 'entropy': tensor(0.8404)}
{'extrinsic': 0.00981329008936882, 'intrinsic': 0.0, 'rnd': 0.0, 'avg_r_int': 0.0, 'alpha': 0.09402909874916077, 'alpha_loss': -0.0007120403461158276, 'batch_nonzero_r_frac': 1.0, 'target_mean': 474.6595153808594, 'td_target_norm_mean': 0.8712146282196045, 'Beta': 0.0, 'Q_ext_mean': 0.19095437228679657, 'Q_int_mean': 0.0, 'last_eps': 0.05, 'entropy': tensor(0.8713)}
[DQN] Step 410000/1000000 (Episodes: 408) smooth r 577.4592381283114
{'extrinsic': 0.0063652233220636845, 'intrinsic': 0.0, 'rnd': 0.0, 'avg_r_int': 0.0, 'alpha': 0.09336413443088531, 'alpha_loss': -0.008511736989021301, 'batch_nonzero_r_frac': 1.0, 'target_mean': 450.7245178222656, 'td_target_norm_mean': 1.0036333799362183, 'Beta': 0.0, 'Q_ext_mean': -0.264106810092926, 'Q_int_mean': 0.0, 'last_eps': 0.05, 'entropy': tensor(0.7877)}
{'extrinsic': 0.004829028621315956, 'intrinsic': 0.0, 'rnd': 0.0, 'avg_r_int': 0.0, 'alpha': 0.09204231202602386, 'alpha_loss': -0.0012810352491214871, 'batch_nonzero_r_frac': 1.0, 'target_mean': 454.6869812011719, 'td_target_norm_mean': 0.9913285970687866, 'Beta': 0.0, 'Q_ext_mean': -0.08633385598659515, 'Q_int_mean': 0.0, 'last_eps': 0.05, 'entropy': tensor(0.8650)}
[DQN] Step 420000/1000000 (Episodes: 416) smooth r 536.898814558466
{'extrinsic': 0.006132517941296101, 'intrinsic': 0.0, 'rnd': 0.0, 'avg_r_int': 0.0, 'alpha': 0.09036263078451157, 'alpha_loss': 0.00048547296319156885, 'batch_nonzero_r_frac': 1.0, 'target_mean': 448.6478576660156, 'td_target_norm_mean': 0.9168879985809326, 'Beta': 0.0, 'Q_ext_mean': -0.1302466243505478, 'Q_int_mean': 0.0, 'last_eps': 0.05, 'entropy': tensor(0.8843)}
{'extrinsic': 0.003463982604444027, 'intrinsic': 0.0, 'rnd': 0.0, 'avg_r_int': 0.0, 'alpha': 0.08846630901098251, 'alpha_loss': 0.005476553924381733, 'batch_nonzero_r_frac': 1.0, 'target_mean': 436.81927490234375, 'td_target_norm_mean': 0.947222888469696, 'Beta': 0.0, 'Q_ext_mean': -0.36222901940345764, 'Q_int_mean': 0.0, 'last_eps': 0.05, 'entropy': tensor(0.9408)}
{'extrinsic': 0.03204791247844696, 'intrinsic': 0.0, 'rnd': 0.0, 'avg_r_int': 0.0, 'alpha': 0.08817620575428009, 'alpha_loss': -0.0006859464920125902, 'batch_nonzero_r_frac': 0.984375, 'target_mean': 469.7436828613281, 'td_target_norm_mean': 1.0177197456359863, 'Beta': 0.0, 'Q_ext_mean': 0.2765893042087555, 'Q_int_mean': 0.0, 'last_eps': 0.05, 'entropy': tensor(0.8711)}
[DQN] Step 430000/1000000 (Episodes: 428) smooth r 536.0454549944136
{'extrinsic': 0.008246874436736107, 'intrinsic': 0.0, 'rnd': 0.0, 'avg_r_int': 0.0, 'alpha': 0.08823979645967484, 'alpha_loss': 0.0020357752218842506, 'batch_nonzero_r_frac': 1.0, 'target_mean': 464.13372802734375, 'td_target_norm_mean': 0.9895465970039368, 'Beta': 0.0, 'Q_ext_mean': 0.13277041912078857, 'Q_int_mean': 0.0, 'last_eps': 0.05, 'entropy': tensor(0.9020)}
{'extrinsic': 0.007330772001296282, 'intrinsic': 0.0, 'rnd': 0.0, 'avg_r_int': 0.0, 'alpha': 0.08804073184728622, 'alpha_loss': 0.0025277070235460997, 'batch_nonzero_r_frac': 1.0, 'target_mean': 458.35968017578125, 'td_target_norm_mean': 0.9648492336273193, 'Beta': 0.0, 'Q_ext_mean': -0.06205721199512482, 'Q_int_mean': 0.0, 'last_eps': 0.05, 'entropy': tensor(0.9076)}
[DQN] Step 440000/1000000 (Episodes: 436) smooth r 611.9203408607385
{'extrinsic': 0.0037534795701503754, 'intrinsic': 0.0, 'rnd': 0.0, 'avg_r_int': 0.0, 'alpha': 0.08933766931295395, 'alpha_loss': -0.00323983421549201, 'batch_nonzero_r_frac': 1.0, 'target_mean': 467.75030517578125, 'td_target_norm_mean': 0.9718661308288574, 'Beta': 0.0, 'Q_ext_mean': 0.036969900131225586, 'Q_int_mean': 0.0, 'last_eps': 0.05, 'entropy': tensor(0.8426)}
{'extrinsic': 0.00421028770506382, 'intrinsic': 0.0, 'rnd': 0.0, 'avg_r_int': 0.0, 'alpha': 0.08965123444795609, 'alpha_loss': 0.0026793431024998426, 'batch_nonzero_r_frac': 1.0, 'target_mean': 470.8051452636719, 'td_target_norm_mean': 0.9632638096809387, 'Beta': 0.0, 'Q_ext_mean': 0.06559933722019196, 'Q_int_mean': 0.0, 'last_eps': 0.05, 'entropy': tensor(0.9088)}
{'extrinsic': 0.008495595306158066, 'intrinsic': 0.0, 'rnd': 0.0, 'avg_r_int': 0.0, 'alpha': 0.0904274582862854, 'alpha_loss': -0.0008036303916014731, 'batch_nonzero_r_frac': 1.0, 'target_mean': 474.58367919921875, 'td_target_norm_mean': 0.9781363010406494, 'Beta': 0.0, 'Q_ext_mean': 0.052633948624134064, 'Q_int_mean': 0.0, 'last_eps': 0.05, 'entropy': tensor(0.8700)}
[DQN] Step 450000/1000000 (Episodes: 448) smooth r 586.73157944957
{'extrinsic': 0.004209873266518116, 'intrinsic': 0.0, 'rnd': 0.0, 'avg_r_int': 0.0, 'alpha': 0.08756498992443085, 'alpha_loss': 0.003634194377809763, 'batch_nonzero_r_frac': 1.0, 'target_mean': 466.9444274902344, 'td_target_norm_mean': 1.0082979202270508, 'Beta': 0.0, 'Q_ext_mean': -0.01848476752638817, 'Q_int_mean': 0.0, 'last_eps': 0.05, 'entropy': tensor(0.9204)}
{'extrinsic': 0.007342961151152849, 'intrinsic': 0.0, 'rnd': 0.0, 'avg_r_int': 0.0, 'alpha': 0.0847877562046051, 'alpha_loss': 0.0010430703405290842, 'batch_nonzero_r_frac': 1.0, 'target_mean': 464.90277099609375, 'td_target_norm_mean': 1.0062872171401978, 'Beta': 0.0, 'Q_ext_mean': 0.03102681413292885, 'Q_int_mean': 0.0, 'last_eps': 0.05, 'entropy': tensor(0.8912)}
[DQN] Step 460000/1000000 (Episodes: 456) smooth r 625.4016970682592
{'extrinsic': 0.007167293224483728, 'intrinsic': 0.0, 'rnd': 0.0, 'avg_r_int': 0.0, 'alpha': 0.08369356393814087, 'alpha_loss': -0.0004993703332729638, 'batch_nonzero_r_frac': 1.0, 'target_mean': 454.2855224609375, 'td_target_norm_mean': 0.9951245188713074, 'Beta': 0.0, 'Q_ext_mean': -0.14400437474250793, 'Q_int_mean': 0.0, 'last_eps': 0.05, 'entropy': tensor(0.8729)}
{'extrinsic': 0.0287327878177166, 'intrinsic': 0.0, 'rnd': 0.0, 'avg_r_int': 0.0, 'alpha': 0.0844007357954979, 'alpha_loss': -0.0014855952467769384, 'batch_nonzero_r_frac': 0.984375, 'target_mean': 472.7525329589844, 'td_target_norm_mean': 1.0053040981292725, 'Beta': 0.0, 'Q_ext_mean': 0.12662866711616516, 'Q_int_mean': 0.0, 'last_eps': 0.05, 'entropy': tensor(0.8613)}
{'extrinsic': 0.007393671199679375, 'intrinsic': 0.0, 'rnd': 0.0, 'avg_r_int': 0.0, 'alpha': 0.08729586005210876, 'alpha_loss': -0.0021270804572850466, 'batch_nonzero_r_frac': 1.0, 'target_mean': 495.21002197265625, 'td_target_norm_mean': 0.9864718914031982, 'Beta': 0.0, 'Q_ext_mean': 0.3677154779434204, 'Q_int_mean': 0.0, 'last_eps': 0.05, 'entropy': tensor(0.8545)}
[DQN] Step 470000/1000000 (Episodes: 468) smooth r 965.7364427429759
{'extrinsic': 0.010529879480600357, 'intrinsic': 0.0, 'rnd': 0.0, 'avg_r_int': 0.0, 'alpha': 0.09156057983636856, 'alpha_loss': -0.0013678778195753694, 'batch_nonzero_r_frac': 1.0, 'target_mean': 501.04583740234375, 'td_target_norm_mean': 1.0032557249069214, 'Beta': 0.0, 'Q_ext_mean': 0.34620460867881775, 'Q_int_mean': 0.0, 'last_eps': 0.05, 'entropy': tensor(0.8639)}
{'extrinsic': 0.006685202941298485, 'intrinsic': 0.0, 'rnd': 0.0, 'avg_r_int': 0.0, 'alpha': 0.09442036598920822, 'alpha_loss': 0.005166488699615002, 'batch_nonzero_r_frac': 1.0, 'target_mean': 484.8312072753906, 'td_target_norm_mean': 0.9843360185623169, 'Beta': 0.0, 'Q_ext_mean': -0.12863309681415558, 'Q_int_mean': 0.0, 'last_eps': 0.05, 'entropy': tensor(0.9336)}
[DQN] Step 480000/1000000 (Episodes: 476) smooth r 831.8712375945586
{'extrinsic': 0.006531077437102795, 'intrinsic': 0.0, 'rnd': 0.0, 'avg_r_int': 0.0, 'alpha': 0.0932178720831871, 'alpha_loss': -0.009640736505389214, 'batch_nonzero_r_frac': 1.0, 'target_mean': 495.98675537109375, 'td_target_norm_mean': 0.9270954728126526, 'Beta': 0.0, 'Q_ext_mean': 0.026815401390194893, 'Q_int_mean': 0.0, 'last_eps': 0.05, 'entropy': tensor(0.7755)}
{'extrinsic': 0.009944137185811996, 'intrinsic': 0.0, 'rnd': 0.0, 'avg_r_int': 0.0, 'alpha': 0.0905766636133194, 'alpha_loss': 0.004879927262663841, 'batch_nonzero_r_frac': 1.0, 'target_mean': 476.0982360839844, 'td_target_norm_mean': 0.9365125298500061, 'Beta': 0.0, 'Q_ext_mean': -0.32961636781692505, 'Q_int_mean': 0.0, 'last_eps': 0.05, 'entropy': tensor(0.9328)}
{'extrinsic': 0.007925828918814659, 'intrinsic': 0.0, 'rnd': 0.0, 'avg_r_int': 0.0, 'alpha': 0.09013476967811584, 'alpha_loss': 0.006096897181123495, 'batch_nonzero_r_frac': 1.0, 'target_mean': 486.05657958984375, 'td_target_norm_mean': 1.001958966255188, 'Beta': 0.0, 'Q_ext_mean': -0.04239608347415924, 'Q_int_mean': 0.0, 'last_eps': 0.05, 'entropy': tensor(0.9465)}
[DQN] Step 490000/1000000 (Episodes: 488) smooth r 849.0660710446422
{'extrinsic': 0.009730726480484009, 'intrinsic': 0.0, 'rnd': 0.0, 'avg_r_int': 0.0, 'alpha': 0.08850664645433426, 'alpha_loss': 0.002986913314089179, 'batch_nonzero_r_frac': 1.0, 'target_mean': 482.018798828125, 'td_target_norm_mean': 0.9061189293861389, 'Beta': 0.0, 'Q_ext_mean': -0.05716383457183838, 'Q_int_mean': 0.0, 'last_eps': 0.05, 'entropy': tensor(0.9126)}
{'extrinsic': 0.008469926193356514, 'intrinsic': 0.0, 'rnd': 0.0, 'avg_r_int': 0.0, 'alpha': 0.08592317998409271, 'alpha_loss': 0.0018665764946490526, 'batch_nonzero_r_frac': 1.0, 'target_mean': 484.85443115234375, 'td_target_norm_mean': 0.9285505414009094, 'Beta': 0.0, 'Q_ext_mean': -0.09772282093763351, 'Q_int_mean': 0.0, 'last_eps': 0.05, 'entropy': tensor(0.9006)}
[DQN] Step 500000/1000000 (Episodes: 496) smooth r 692.8661280211445
{'extrinsic': 0.008145230822265148, 'intrinsic': 0.0, 'rnd': 0.0, 'avg_r_int': 0.0, 'alpha': 0.08822721987962723, 'alpha_loss': -0.0012982409680262208, 'batch_nonzero_r_frac': 1.0, 'target_mean': 503.8021240234375, 'td_target_norm_mean': 0.9082677364349365, 'Beta': 0.0, 'Q_ext_mean': 0.14256246387958527, 'Q_int_mean': 0.0, 'last_eps': 0.05, 'entropy': tensor(0.8642)}
{'extrinsic': 0.003843140322715044, 'intrinsic': 0.0, 'rnd': 0.0, 'avg_r_int': 0.0, 'alpha': 0.0879790410399437, 'alpha_loss': 4.134608752792701e-05, 'batch_nonzero_r_frac': 1.0, 'target_mean': 488.52587890625, 'td_target_norm_mean': 0.9969145059585571, 'Beta': 0.0, 'Q_ext_mean': -0.17036281526088715, 'Q_int_mean': 0.0, 'last_eps': 0.05, 'entropy': tensor(0.8794)}
{'extrinsic': 0.005809440743178129, 'intrinsic': 0.0, 'rnd': 0.0, 'avg_r_int': 0.0, 'alpha': 0.08339625597000122, 'alpha_loss': 0.002935911063104868, 'batch_nonzero_r_frac': 1.0, 'target_mean': 496.5958251953125, 'td_target_norm_mean': 0.9914534091949463, 'Beta': 0.0, 'Q_ext_mean': 0.03837038204073906, 'Q_int_mean': 0.0, 'last_eps': 0.05, 'entropy': tensor(0.9141)}
[DQN] Step 510000/1000000 (Episodes: 508) smooth r 748.5029287873027
{'extrinsic': 0.007495030295103788, 'intrinsic': 0.0, 'rnd': 0.0, 'avg_r_int': 0.0, 'alpha': 0.08445613086223602, 'alpha_loss': -0.0018841553246602416, 'batch_nonzero_r_frac': 1.0, 'target_mean': 502.1482849121094, 'td_target_norm_mean': 0.9666762948036194, 'Beta': 0.0, 'Q_ext_mean': 0.052120838314294815, 'Q_int_mean': 0.0, 'last_eps': 0.05, 'entropy': tensor(0.8566)}
{'extrinsic': 0.004492304753512144, 'intrinsic': 0.0, 'rnd': 0.0, 'avg_r_int': 0.0, 'alpha': 0.08626023679971695, 'alpha_loss': 0.0014619394205510616, 'batch_nonzero_r_frac': 1.0, 'target_mean': 523.68701171875, 'td_target_norm_mean': 0.9339826703071594, 'Beta': 0.0, 'Q_ext_mean': 0.31434229016304016, 'Q_int_mean': 0.0, 'last_eps': 0.05, 'entropy': tensor(0.8958)}
[DQN] Step 520000/1000000 (Episodes: 516) smooth r 971.6485096164125
{'extrinsic': 0.00652391416952014, 'intrinsic': 0.0, 'rnd': 0.0, 'avg_r_int': 0.0, 'alpha': 0.08838450908660889, 'alpha_loss': -0.0033506490290164948, 'batch_nonzero_r_frac': 1.0, 'target_mean': 521.1943359375, 'td_target_norm_mean': 0.9975810647010803, 'Beta': 0.0, 'Q_ext_mean': 0.11779921501874924, 'Q_int_mean': 0.0, 'last_eps': 0.05, 'entropy': tensor(0.8410)}
{'extrinsic': 0.005558716598898172, 'intrinsic': 0.0, 'rnd': 0.0, 'avg_r_int': 0.0, 'alpha': 0.09032616764307022, 'alpha_loss': -0.00025740303681232035, 'batch_nonzero_r_frac': 1.0, 'target_mean': 515.6636352539062, 'td_target_norm_mean': 0.9067885279655457, 'Beta': 0.0, 'Q_ext_mean': -0.13174328207969666, 'Q_int_mean': 0.0, 'last_eps': 0.05, 'entropy': tensor(0.8760)}
{'extrinsic': 0.007806691806763411, 'intrinsic': 0.0, 'rnd': 0.0, 'avg_r_int': 0.0, 'alpha': 0.09672889858484268, 'alpha_loss': 0.00010409999958937988, 'batch_nonzero_r_frac': 1.0, 'target_mean': 536.212890625, 'td_target_norm_mean': 0.796722412109375, 'Beta': 0.0, 'Q_ext_mean': 0.06170077994465828, 'Q_int_mean': 0.0, 'last_eps': 0.05, 'entropy': tensor(0.8800)}
[DQN] Step 530000/1000000 (Episodes: 528) smooth r 1061.6970847275118
{'extrinsic': 0.008718841709196568, 'intrinsic': 0.0, 'rnd': 0.0, 'avg_r_int': 0.0, 'alpha': 0.10097337514162064, 'alpha_loss': 0.002166931750252843, 'batch_nonzero_r_frac': 1.0, 'target_mean': 535.6447143554688, 'td_target_norm_mean': 0.8164011240005493, 'Beta': 0.0, 'Q_ext_mean': 0.004225101787596941, 'Q_int_mean': 0.0, 'last_eps': 0.05, 'entropy': tensor(0.9003)}
{'extrinsic': 0.006600360386073589, 'intrinsic': 0.0, 'rnd': 0.0, 'avg_r_int': 0.0, 'alpha': 0.09978336840867996, 'alpha_loss': 2.664478415681515e-06, 'batch_nonzero_r_frac': 1.0, 'target_mean': 527.2022094726562, 'td_target_norm_mean': 0.9115207195281982, 'Beta': 0.0, 'Q_ext_mean': -0.12012837827205658, 'Q_int_mean': 0.0, 'last_eps': 0.05, 'entropy': tensor(0.8789)}
[DQN] Step 540000/1000000 (Episodes: 536) smooth r 1019.0231246376993
{'extrinsic': 0.005534382537007332, 'intrinsic': 0.0, 'rnd': 0.0, 'avg_r_int': 0.0, 'alpha': 0.09657926857471466, 'alpha_loss': 0.004173298366367817, 'batch_nonzero_r_frac': 1.0, 'target_mean': 520.2041625976562, 'td_target_norm_mean': 1.047074317932129, 'Beta': 0.0, 'Q_ext_mean': -0.2616676390171051, 'Q_int_mean': 0.0, 'last_eps': 0.05, 'entropy': tensor(0.9221)}
{'extrinsic': 0.005866356194019318, 'intrinsic': 0.0, 'rnd': 0.0, 'avg_r_int': 0.0, 'alpha': 0.0941794216632843, 'alpha_loss': 0.0034629101864993572, 'batch_nonzero_r_frac': 1.0, 'target_mean': 529.4840087890625, 'td_target_norm_mean': 0.9896240830421448, 'Beta': 0.0, 'Q_ext_mean': -0.10167308896780014, 'Q_int_mean': 0.0, 'last_eps': 0.05, 'entropy': tensor(0.9157)}
{'extrinsic': 0.007628637365996838, 'intrinsic': 0.0, 'rnd': 0.0, 'avg_r_int': 0.0, 'alpha': 0.0940779373049736, 'alpha_loss': -0.0013267319882288575, 'batch_nonzero_r_frac': 1.0, 'target_mean': 535.908935546875, 'td_target_norm_mean': 0.9412920475006104, 'Beta': 0.0, 'Q_ext_mean': -0.039585597813129425, 'Q_int_mean': 0.0, 'last_eps': 0.05, 'entropy': tensor(0.8648)}
[DQN] Step 550000/1000000 (Episodes: 548) smooth r 1023.2876049246602
{'extrinsic': 0.005778086371719837, 'intrinsic': 0.0, 'rnd': 0.0, 'avg_r_int': 0.0, 'alpha': 0.09352253377437592, 'alpha_loss': 0.002840044442564249, 'batch_nonzero_r_frac': 1.0, 'target_mean': 532.7305908203125, 'td_target_norm_mean': 1.0481536388397217, 'Beta': 0.0, 'Q_ext_mean': -0.07487305998802185, 'Q_int_mean': 0.0, 'last_eps': 0.05, 'entropy': tensor(0.9093)}
{'extrinsic': 0.005741817411035299, 'intrinsic': 0.0, 'rnd': 0.0, 'avg_r_int': 0.0, 'alpha': 0.09261051565408707, 'alpha_loss': 0.003739030798897147, 'batch_nonzero_r_frac': 1.0, 'target_mean': 558.8035888671875, 'td_target_norm_mean': 0.9253350496292114, 'Beta': 0.0, 'Q_ext_mean': 0.27018406987190247, 'Q_int_mean': 0.0, 'last_eps': 0.05, 'entropy': tensor(0.9193)}
[DQN] Step 560000/1000000 (Episodes: 556) smooth r 1140.6687284949544
{'extrinsic': 0.011059913784265518, 'intrinsic': 0.0, 'rnd': 0.0, 'avg_r_int': 0.0, 'alpha': 0.09482283145189285, 'alpha_loss': -0.0007964539690874517, 'batch_nonzero_r_frac': 1.0, 'target_mean': 558.1099853515625, 'td_target_norm_mean': 0.8526034355163574, 'Beta': 0.0, 'Q_ext_mean': 0.16743780672550201, 'Q_int_mean': 0.0, 'last_eps': 0.05, 'entropy': tensor(0.8705)}
{'extrinsic': 0.007733774837106466, 'intrinsic': 0.0, 'rnd': 0.0, 'avg_r_int': 0.0, 'alpha': 0.09651888906955719, 'alpha_loss': 0.001117774867452681, 'batch_nonzero_r_frac': 1.0, 'target_mean': 556.5780029296875, 'td_target_norm_mean': 0.9860930442810059, 'Beta': 0.0, 'Q_ext_mean': -0.040253497660160065, 'Q_int_mean': 0.0, 'last_eps': 0.05, 'entropy': tensor(0.8905)}
{'extrinsic': 0.00616232305765152, 'intrinsic': 0.0, 'rnd': 0.0, 'avg_r_int': 0.0, 'alpha': 0.0968245342373848, 'alpha_loss': -0.000967268890235573, 'batch_nonzero_r_frac': 1.0, 'target_mean': 570.4376220703125, 'td_target_norm_mean': 0.943234920501709, 'Beta': 0.0, 'Q_ext_mean': 0.15080465376377106, 'Q_int_mean': 0.0, 'last_eps': 0.05, 'entropy': tensor(0.8689)}
[DQN] Step 570000/1000000 (Episodes: 568) smooth r 1141.2872405741562
{'extrinsic': 0.007277577184140682, 'intrinsic': 0.0, 'rnd': 0.0, 'avg_r_int': 0.0, 'alpha': 0.09776823967695236, 'alpha_loss': 0.0037067777011543512, 'batch_nonzero_r_frac': 1.0, 'target_mean': 569.2886352539062, 'td_target_norm_mean': 0.8762105703353882, 'Beta': 0.0, 'Q_ext_mean': 0.009316574782133102, 'Q_int_mean': 0.0, 'last_eps': 0.05, 'entropy': tensor(0.9168)}
{'extrinsic': 0.011248829774558544, 'intrinsic': 0.0, 'rnd': 0.0, 'avg_r_int': 0.0, 'alpha': 0.09631935507059097, 'alpha_loss': 0.0021824478171765804, 'batch_nonzero_r_frac': 1.0, 'target_mean': 569.9471435546875, 'td_target_norm_mean': 0.8753541707992554, 'Beta': 0.0, 'Q_ext_mean': 0.01355804968625307, 'Q_int_mean': 0.0, 'last_eps': 0.05, 'entropy': tensor(0.9015)}
[DQN] Step 580000/1000000 (Episodes: 576) smooth r 1027.794460300902
{'extrinsic': 0.0089560616761446, 'intrinsic': 0.0, 'rnd': 0.0, 'avg_r_int': 0.0, 'alpha': 0.09150368720293045, 'alpha_loss': -0.0026165018789470196, 'batch_nonzero_r_frac': 1.0, 'target_mean': 578.5040283203125, 'td_target_norm_mean': 0.9313483834266663, 'Beta': 0.0, 'Q_ext_mean': 0.08241486549377441, 'Q_int_mean': 0.0, 'last_eps': 0.05, 'entropy': tensor(0.8503)}
{'extrinsic': 0.007949787192046642, 'intrinsic': 0.0, 'rnd': 0.0, 'avg_r_int': 0.0, 'alpha': 0.08705059438943863, 'alpha_loss': -0.002109682420268655, 'batch_nonzero_r_frac': 1.0, 'target_mean': 577.0235595703125, 'td_target_norm_mean': 0.9676278233528137, 'Beta': 0.0, 'Q_ext_mean': 0.027366282418370247, 'Q_int_mean': 0.0, 'last_eps': 0.05, 'entropy': tensor(0.8547)}
{'extrinsic': 0.00688297301530838, 'intrinsic': 0.0, 'rnd': 0.0, 'avg_r_int': 0.0, 'alpha': 0.089031882584095, 'alpha_loss': -0.003453597193583846, 'batch_nonzero_r_frac': 1.0, 'target_mean': 591.232666015625, 'td_target_norm_mean': 0.8682601451873779, 'Beta': 0.0, 'Q_ext_mean': 0.1924518495798111, 'Q_int_mean': 0.0, 'last_eps': 0.05, 'entropy': tensor(0.8401)}
[DQN] Step 590000/1000000 (Episodes: 588) smooth r 1206.6120132002736
{'extrinsic': 0.011598794721066952, 'intrinsic': 0.0, 'rnd': 0.0, 'avg_r_int': 0.0, 'alpha': 0.09028183668851852, 'alpha_loss': 0.006372956093400717, 'batch_nonzero_r_frac': 0.984375, 'target_mean': 578.1430053710938, 'td_target_norm_mean': 0.9346404075622559, 'Beta': 0.0, 'Q_ext_mean': -0.0955425351858139, 'Q_int_mean': 0.0, 'last_eps': 0.05, 'entropy': tensor(0.9495)}
{'extrinsic': 0.007560793310403824, 'intrinsic': 0.0, 'rnd': 0.0, 'avg_r_int': 0.0, 'alpha': 0.091054268181324, 'alpha_loss': -0.0029224518220871687, 'batch_nonzero_r_frac': 1.0, 'target_mean': 597.6480712890625, 'td_target_norm_mean': 0.8792847394943237, 'Beta': 0.0, 'Q_ext_mean': 0.170995831489563, 'Q_int_mean': 0.0, 'last_eps': 0.05, 'entropy': tensor(0.8468)}
[DQN] Step 600000/1000000 (Episodes: 596) smooth r 1336.6260761451579
{'extrinsic': 0.007031055632978678, 'intrinsic': 0.0, 'rnd': 0.0, 'avg_r_int': 0.0, 'alpha': 0.09405479580163956, 'alpha_loss': -0.004667108878493309, 'batch_nonzero_r_frac': 1.0, 'target_mean': 588.4273681640625, 'td_target_norm_mean': 0.8769512176513672, 'Beta': 0.0, 'Q_ext_mean': -0.1162722110748291, 'Q_int_mean': 0.0, 'last_eps': 0.05, 'entropy': tensor(0.8293)}
{'extrinsic': 0.005877193063497543, 'intrinsic': 0.0, 'rnd': 0.0, 'avg_r_int': 0.0, 'alpha': 0.09593600034713745, 'alpha_loss': 0.0005955022643320262, 'batch_nonzero_r_frac': 1.0, 'target_mean': 592.6964111328125, 'td_target_norm_mean': 0.8964810371398926, 'Beta': 0.0, 'Q_ext_mean': -0.03589777648448944, 'Q_int_mean': 0.0, 'last_eps': 0.05, 'entropy': tensor(0.8851)}
{'extrinsic': 0.005828437861055136, 'intrinsic': 0.0, 'rnd': 0.0, 'avg_r_int': 0.0, 'alpha': 0.0943545252084732, 'alpha_loss': -0.002207874320447445, 'batch_nonzero_r_frac': 1.0, 'target_mean': 583.1349487304688, 'td_target_norm_mean': 0.8882337212562561, 'Beta': 0.0, 'Q_ext_mean': -0.09798059612512589, 'Q_int_mean': 0.0, 'last_eps': 0.05, 'entropy': tensor(0.8555)}
[DQN] Step 610000/1000000 (Episodes: 608) smooth r 1138.6977956851242
{'extrinsic': 0.005764268804341555, 'intrinsic': 0.0, 'rnd': 0.0, 'avg_r_int': 0.0, 'alpha': 0.09213615208864212, 'alpha_loss': 0.004431112669408321, 'batch_nonzero_r_frac': 1.0, 'target_mean': 570.075927734375, 'td_target_norm_mean': 0.9808667302131653, 'Beta': 0.0, 'Q_ext_mean': -0.2649501860141754, 'Q_int_mean': 0.0, 'last_eps': 0.05, 'entropy': tensor(0.9270)}
{'extrinsic': 0.005088488105684519, 'intrinsic': 0.0, 'rnd': 0.0, 'avg_r_int': 0.0, 'alpha': 0.08948121219873428, 'alpha_loss': -0.0016972558805719018, 'batch_nonzero_r_frac': 1.0, 'target_mean': 587.8624877929688, 'td_target_norm_mean': 0.8727656602859497, 'Beta': 0.0, 'Q_ext_mean': 0.04412281513214111, 'Q_int_mean': 0.0, 'last_eps': 0.05, 'entropy': tensor(0.8599)}
[DQN] Step 620000/1000000 (Episodes: 616) smooth r 1054.8062350573405
{'extrinsic': 0.010050877928733826, 'intrinsic': 0.0, 'rnd': 0.0, 'avg_r_int': 0.0, 'alpha': 0.08781007677316666, 'alpha_loss': -0.0013279312988743186, 'batch_nonzero_r_frac': 1.0, 'target_mean': 581.6609497070312, 'td_target_norm_mean': 0.8387914896011353, 'Beta': 0.0, 'Q_ext_mean': 0.015782227739691734, 'Q_int_mean': 0.0, 'last_eps': 0.05, 'entropy': tensor(0.8638)}
{'extrinsic': 0.007996820844709873, 'intrinsic': 0.0, 'rnd': 0.0, 'avg_r_int': 0.0, 'alpha': 0.08689942210912704, 'alpha_loss': -0.0050394851714372635, 'batch_nonzero_r_frac': 1.0, 'target_mean': 592.8841552734375, 'td_target_norm_mean': 0.8411247134208679, 'Beta': 0.0, 'Q_ext_mean': 0.0902620404958725, 'Q_int_mean': 0.0, 'last_eps': 0.05, 'entropy': tensor(0.8209)}
{'extrinsic': 0.00827411375939846, 'intrinsic': 0.0, 'rnd': 0.0, 'avg_r_int': 0.0, 'alpha': 0.09156795591115952, 'alpha_loss': -0.002935586730018258, 'batch_nonzero_r_frac': 1.0, 'target_mean': 596.7202758789062, 'td_target_norm_mean': 0.841315507888794, 'Beta': 0.0, 'Q_ext_mean': -0.01628425344824791, 'Q_int_mean': 0.0, 'last_eps': 0.05, 'entropy': tensor(0.8468)}
[DQN] Step 630000/1000000 (Episodes: 628) smooth r 1316.3951963641334
{'extrinsic': 0.006874552927911282, 'intrinsic': 0.0, 'rnd': 0.0, 'avg_r_int': 0.0, 'alpha': 0.09721837937831879, 'alpha_loss': 0.0014037101063877344, 'batch_nonzero_r_frac': 1.0, 'target_mean': 601.3925170898438, 'td_target_norm_mean': 0.8740324974060059, 'Beta': 0.0, 'Q_ext_mean': -0.048742204904556274, 'Q_int_mean': 0.0, 'last_eps': 0.05, 'entropy': tensor(0.8933)}
{'extrinsic': 0.005608409643173218, 'intrinsic': 0.0, 'rnd': 0.0, 'avg_r_int': 0.0, 'alpha': 0.10201594233512878, 'alpha_loss': -0.002680986886844039, 'batch_nonzero_r_frac': 1.0, 'target_mean': 620.53759765625, 'td_target_norm_mean': 0.6191425323486328, 'Beta': 0.0, 'Q_ext_mean': 0.15798074007034302, 'Q_int_mean': 0.0, 'last_eps': 0.05, 'entropy': tensor(0.8526)}
[DQN] Step 640000/1000000 (Episodes: 636) smooth r 1473.5352924030017
{'extrinsic': 0.010792561806738377, 'intrinsic': 0.0, 'rnd': 0.0, 'avg_r_int': 0.0, 'alpha': 0.10956203192472458, 'alpha_loss': -0.0016848499653860927, 'batch_nonzero_r_frac': 1.0, 'target_mean': 621.3472900390625, 'td_target_norm_mean': 0.7744114995002747, 'Beta': 0.0, 'Q_ext_mean': 0.0023852107115089893, 'Q_int_mean': 0.0, 'last_eps': 0.05, 'entropy': tensor(0.8635)}
{'extrinsic': 0.013055267743766308, 'intrinsic': 0.0, 'rnd': 0.0, 'avg_r_int': 0.0, 'alpha': 0.11381126940250397, 'alpha_loss': -0.008570835925638676, 'batch_nonzero_r_frac': 1.0, 'target_mean': 616.014404296875, 'td_target_norm_mean': 0.7496396899223328, 'Beta': 0.0, 'Q_ext_mean': -0.10870825499296188, 'Q_int_mean': 0.0, 'last_eps': 0.05, 'entropy': tensor(0.8036)}
{'extrinsic': 0.006100324913859367, 'intrinsic': 0.0, 'rnd': 0.0, 'avg_r_int': 0.0, 'alpha': 0.11503832787275314, 'alpha_loss': 0.0030690100975334644, 'batch_nonzero_r_frac': 1.0, 'target_mean': 623.8956909179688, 'td_target_norm_mean': 0.8273922801017761, 'Beta': 0.0, 'Q_ext_mean': -0.046648912131786346, 'Q_int_mean': 0.0, 'last_eps': 0.05, 'entropy': tensor(0.9056)}
[DQN] Step 650000/1000000 (Episodes: 648) smooth r 1521.8393522846734
{'extrinsic': 0.015030346810817719, 'intrinsic': 0.0, 'rnd': 0.0, 'avg_r_int': 0.0, 'alpha': 0.11725256592035294, 'alpha_loss': -0.005474010482430458, 'batch_nonzero_r_frac': 1.0, 'target_mean': 633.050537109375, 'td_target_norm_mean': 0.6556107997894287, 'Beta': 0.0, 'Q_ext_mean': -0.02631961554288864, 'Q_int_mean': 0.0, 'last_eps': 0.05, 'entropy': tensor(0.8322)}
{'extrinsic': 0.009758612141013145, 'intrinsic': 0.0, 'rnd': 0.0, 'avg_r_int': 0.0, 'alpha': 0.12338689714670181, 'alpha_loss': -0.0037076747976243496, 'batch_nonzero_r_frac': 1.0, 'target_mean': 645.0611572265625, 'td_target_norm_mean': 0.7463501691818237, 'Beta': 0.0, 'Q_ext_mean': 0.10854551196098328, 'Q_int_mean': 0.0, 'last_eps': 0.05, 'entropy': tensor(0.8488)}
[DQN] Step 660000/1000000 (Episodes: 656) smooth r 1737.097104929757
{'extrinsic': 0.010868367739021778, 'intrinsic': 0.0, 'rnd': 0.0, 'avg_r_int': 0.0, 'alpha': 0.12976707518100739, 'alpha_loss': -0.006501295138150454, 'batch_nonzero_r_frac': 1.0, 'target_mean': 654.3060302734375, 'td_target_norm_mean': 0.6418558359146118, 'Beta': 0.0, 'Q_ext_mean': 0.09364639222621918, 'Q_int_mean': 0.0, 'last_eps': 0.05, 'entropy': tensor(0.8288)}
{'extrinsic': 0.033776648342609406, 'intrinsic': 0.0, 'rnd': 0.0, 'avg_r_int': 0.0, 'alpha': 0.13812729716300964, 'alpha_loss': -0.009839588776230812, 'batch_nonzero_r_frac': 0.984375, 'target_mean': 659.6458129882812, 'td_target_norm_mean': 0.7321187853813171, 'Beta': 0.0, 'Q_ext_mean': 0.06446195393800735, 'Q_int_mean': 0.0, 'last_eps': 0.05, 'entropy': tensor(0.8076)}
{'extrinsic': 0.00873649213463068, 'intrinsic': 0.0, 'rnd': 0.0, 'avg_r_int': 0.0, 'alpha': 0.1373615711927414, 'alpha_loss': 0.0021305885165929794, 'batch_nonzero_r_frac': 1.0, 'target_mean': 661.887939453125, 'td_target_norm_mean': 0.643099308013916, 'Beta': 0.0, 'Q_ext_mean': 0.0817480981349945, 'Q_int_mean': 0.0, 'last_eps': 0.05, 'entropy': tensor(0.8944)}
[DQN] Step 670000/1000000 (Episodes: 668) smooth r 1480.5812815453326
{'extrinsic': 0.005954073276370764, 'intrinsic': 0.0, 'rnd': 0.0, 'avg_r_int': 0.0, 'alpha': 0.12741193175315857, 'alpha_loss': 0.0028904154896736145, 'batch_nonzero_r_frac': 1.0, 'target_mean': 653.842529296875, 'td_target_norm_mean': 0.8311554193496704, 'Beta': 0.0, 'Q_ext_mean': -0.029940234497189522, 'Q_int_mean': 0.0, 'last_eps': 0.05, 'entropy': tensor(0.9016)}
{'extrinsic': 0.007260890211910009, 'intrinsic': 0.0, 'rnd': 0.0, 'avg_r_int': 0.0, 'alpha': 0.11738758534193039, 'alpha_loss': 0.006297181826084852, 'batch_nonzero_r_frac': 1.0, 'target_mean': 648.1820068359375, 'td_target_norm_mean': 1.0156528949737549, 'Beta': 0.0, 'Q_ext_mean': -0.07834795117378235, 'Q_int_mean': 0.0, 'last_eps': 0.05, 'entropy': tensor(0.9325)}
[DQN] Step 680000/1000000 (Episodes: 676) smooth r 1587.9761889842268
{'extrinsic': 0.005880187265574932, 'intrinsic': 0.0, 'rnd': 0.0, 'avg_r_int': 0.0, 'alpha': 0.11079271882772446, 'alpha_loss': -0.0034145815297961235, 'batch_nonzero_r_frac': 1.0, 'target_mean': 648.0465087890625, 'td_target_norm_mean': 0.9875239729881287, 'Beta': 0.0, 'Q_ext_mean': -0.1329730600118637, 'Q_int_mean': 0.0, 'last_eps': 0.05, 'entropy': tensor(0.8481)}
{'extrinsic': 0.006346880458295345, 'intrinsic': 0.0, 'rnd': 0.0, 'avg_r_int': 0.0, 'alpha': 0.10417620092630386, 'alpha_loss': -0.003955771215260029, 'batch_nonzero_r_frac': 1.0, 'target_mean': 668.9859619140625, 'td_target_norm_mean': 0.9246386289596558, 'Beta': 0.0, 'Q_ext_mean': 0.11691800504922867, 'Q_int_mean': 0.0, 'last_eps': 0.05, 'entropy': tensor(0.8409)}
{'extrinsic': 0.008488908410072327, 'intrinsic': 0.0, 'rnd': 0.0, 'avg_r_int': 0.0, 'alpha': 0.0992947518825531, 'alpha_loss': 0.003431235905736685, 'batch_nonzero_r_frac': 1.0, 'target_mean': 682.456298828125, 'td_target_norm_mean': 0.8119893074035645, 'Beta': 0.0, 'Q_ext_mean': 0.2572699189186096, 'Q_int_mean': 0.0, 'last_eps': 0.05, 'entropy': tensor(0.9134)}
[DQN] Step 690000/1000000 (Episodes: 688) smooth r 1572.6289761306455
{'extrinsic': 0.020985590294003487, 'intrinsic': 0.0, 'rnd': 0.0, 'avg_r_int': 0.0, 'alpha': 0.09971553832292557, 'alpha_loss': -0.0026282165199518204, 'batch_nonzero_r_frac': 0.984375, 'target_mean': 695.4916381835938, 'td_target_norm_mean': 0.6815323829650879, 'Beta': 0.0, 'Q_ext_mean': 0.3640301823616028, 'Q_int_mean': 0.0, 'last_eps': 0.05, 'entropy': tensor(0.8525)}
{'extrinsic': 0.037081945687532425, 'intrinsic': 0.0, 'rnd': 0.0, 'avg_r_int': 0.0, 'alpha': 0.10213088244199753, 'alpha_loss': 0.0014189163921400905, 'batch_nonzero_r_frac': 0.984375, 'target_mean': 682.2823486328125, 'td_target_norm_mean': 0.768572986125946, 'Beta': 0.0, 'Q_ext_mean': -0.02167457342147827, 'Q_int_mean': 0.0, 'last_eps': 0.05, 'entropy': tensor(0.8928)}
[DQN] Step 700000/1000000 (Episodes: 696) smooth r 1624.8299802864433
{'extrinsic': 0.003881692886352539, 'intrinsic': 0.0, 'rnd': 0.0, 'avg_r_int': 0.0, 'alpha': 0.10149239003658295, 'alpha_loss': 0.0025291149504482746, 'batch_nonzero_r_frac': 1.0, 'target_mean': 683.3048706054688, 'td_target_norm_mean': 0.8619734644889832, 'Beta': 0.0, 'Q_ext_mean': -0.009637725539505482, 'Q_int_mean': 0.0, 'last_eps': 0.05, 'entropy': tensor(0.9038)}
{'extrinsic': 0.006200986914336681, 'intrinsic': 0.0, 'rnd': 0.0, 'avg_r_int': 0.0, 'alpha': 0.10460413992404938, 'alpha_loss': 0.002520304638892412, 'batch_nonzero_r_frac': 1.0, 'target_mean': 677.2596435546875, 'td_target_norm_mean': 0.8466427326202393, 'Beta': 0.0, 'Q_ext_mean': -0.12023350596427917, 'Q_int_mean': 0.0, 'last_eps': 0.05, 'entropy': tensor(0.9030)}
{'extrinsic': 0.01710042729973793, 'intrinsic': 0.0, 'rnd': 0.0, 'avg_r_int': 0.0, 'alpha': 0.10892940312623978, 'alpha_loss': -0.004665557760745287, 'batch_nonzero_r_frac': 0.984375, 'target_mean': 691.4129028320312, 'td_target_norm_mean': 0.8512173891067505, 'Beta': 0.0, 'Q_ext_mean': 0.043158747255802155, 'Q_int_mean': 0.0, 'last_eps': 0.05, 'entropy': tensor(0.8361)}
[DQN] Step 710000/1000000 (Episodes: 708) smooth r 1536.1870674261963
{'extrinsic': 0.010794335976243019, 'intrinsic': 0.0, 'rnd': 0.0, 'avg_r_int': 0.0, 'alpha': 0.10752420127391815, 'alpha_loss': 0.004397946875542402, 'batch_nonzero_r_frac': 1.0, 'target_mean': 676.538330078125, 'td_target_norm_mean': 0.9483295679092407, 'Beta': 0.0, 'Q_ext_mean': -0.16304945945739746, 'Q_int_mean': 0.0, 'last_eps': 0.05, 'entropy': tensor(0.9198)}
{'extrinsic': 0.009542848914861679, 'intrinsic': 0.0, 'rnd': 0.0, 'avg_r_int': 0.0, 'alpha': 0.10564577579498291, 'alpha_loss': -0.0002315185993211344, 'batch_nonzero_r_frac': 1.0, 'target_mean': 689.8135986328125, 'td_target_norm_mean': 0.8619014024734497, 'Beta': 0.0, 'Q_ext_mean': -0.004622777923941612, 'Q_int_mean': 0.0, 'last_eps': 0.05, 'entropy': tensor(0.8767)}
[DQN] Step 720000/1000000 (Episodes: 716) smooth r 1597.1282804612933
{'extrinsic': 0.007608599029481411, 'intrinsic': 0.0, 'rnd': 0.0, 'avg_r_int': 0.0, 'alpha': 0.10331626981496811, 'alpha_loss': -0.0018768897280097008, 'batch_nonzero_r_frac': 1.0, 'target_mean': 691.9168701171875, 'td_target_norm_mean': 0.9257873296737671, 'Beta': 0.0, 'Q_ext_mean': -0.071692556142807, 'Q_int_mean': 0.0, 'last_eps': 0.05, 'entropy': tensor(0.8607)}
{'extrinsic': 0.006222758442163467, 'intrinsic': 0.0, 'rnd': 0.0, 'avg_r_int': 0.0, 'alpha': 0.1051589623093605, 'alpha_loss': 0.0016201544785872102, 'batch_nonzero_r_frac': 1.0, 'target_mean': 712.3259887695312, 'td_target_norm_mean': 0.8176900744438171, 'Beta': 0.0, 'Q_ext_mean': 0.14325322210788727, 'Q_int_mean': 0.0, 'last_eps': 0.05, 'entropy': tensor(0.8943)}
{'extrinsic': 0.00604581693187356, 'intrinsic': 0.0, 'rnd': 0.0, 'avg_r_int': 0.0, 'alpha': 0.10845956206321716, 'alpha_loss': -0.004248018842190504, 'batch_nonzero_r_frac': 1.0, 'target_mean': 725.4463500976562, 'td_target_norm_mean': 0.7936291694641113, 'Beta': 0.0, 'Q_ext_mean': 0.2299710363149643, 'Q_int_mean': 0.0, 'last_eps': 0.05, 'entropy': tensor(0.8397)}
[DQN] Step 730000/1000000 (Episodes: 728) smooth r 1771.4004901278045
{'extrinsic': 0.008112164214253426, 'intrinsic': 0.0, 'rnd': 0.0, 'avg_r_int': 0.0, 'alpha': 0.11491185426712036, 'alpha_loss': -0.0035631603095680475, 'batch_nonzero_r_frac': 1.0, 'target_mean': 727.4010620117188, 'td_target_norm_mean': 0.7613539695739746, 'Beta': 0.0, 'Q_ext_mean': 0.1681094467639923, 'Q_int_mean': 0.0, 'last_eps': 0.05, 'entropy': tensor(0.8479)}
{'extrinsic': 0.014681143686175346, 'intrinsic': 0.0, 'rnd': 0.0, 'avg_r_int': 0.0, 'alpha': 0.11987505853176117, 'alpha_loss': 0.0017132350476458669, 'batch_nonzero_r_frac': 1.0, 'target_mean': 722.7185668945312, 'td_target_norm_mean': 0.8259403705596924, 'Beta': 0.0, 'Q_ext_mean': 0.022349480539560318, 'Q_int_mean': 0.0, 'last_eps': 0.05, 'entropy': tensor(0.8932)}
[DQN] Step 740000/1000000 (Episodes: 736) smooth r 1781.244606312686
{'extrinsic': 0.012384342029690742, 'intrinsic': 0.0, 'rnd': 0.0, 'avg_r_int': 0.0, 'alpha': 0.12379742413759232, 'alpha_loss': -0.003366670571267605, 'batch_nonzero_r_frac': 1.0, 'target_mean': 735.2110595703125, 'td_target_norm_mean': 0.5034415125846863, 'Beta': 0.0, 'Q_ext_mean': 0.16493186354637146, 'Q_int_mean': 0.0, 'last_eps': 0.05, 'entropy': tensor(0.8517)}
{'extrinsic': 0.00853479839861393, 'intrinsic': 0.0, 'rnd': 0.0, 'avg_r_int': 0.0, 'alpha': 0.13203348219394684, 'alpha_loss': -0.007904755882918835, 'batch_nonzero_r_frac': 1.0, 'target_mean': 736.8628540039062, 'td_target_norm_mean': 0.7698850035667419, 'Beta': 0.0, 'Q_ext_mean': 0.028084512799978256, 'Q_int_mean': 0.0, 'last_eps': 0.05, 'entropy': tensor(0.8190)}
{'extrinsic': 0.011224501766264439, 'intrinsic': 0.0, 'rnd': 0.0, 'avg_r_int': 0.0, 'alpha': 0.13608255982398987, 'alpha_loss': 0.00298991147428751, 'batch_nonzero_r_frac': 1.0, 'target_mean': 743.1626586914062, 'td_target_norm_mean': 0.750340461730957, 'Beta': 0.0, 'Q_ext_mean': 0.051276933401823044, 'Q_int_mean': 0.0, 'last_eps': 0.05, 'entropy': tensor(0.9009)}
[DQN] Step 750000/1000000 (Episodes: 748) smooth r 2065.785910431327
{'extrinsic': 0.010915113613009453, 'intrinsic': 0.0, 'rnd': 0.0, 'avg_r_int': 0.0, 'alpha': 0.13923713564872742, 'alpha_loss': -0.0020262484904378653, 'batch_nonzero_r_frac': 1.0, 'target_mean': 752.2421875, 'td_target_norm_mean': 0.7341251373291016, 'Beta': 0.0, 'Q_ext_mean': 0.11175831407308578, 'Q_int_mean': 0.0, 'last_eps': 0.05, 'entropy': tensor(0.8643)}
{'extrinsic': 0.0073080165311694145, 'intrinsic': 0.0, 'rnd': 0.0, 'avg_r_int': 0.0, 'alpha': 0.13374735414981842, 'alpha_loss': 0.008544936776161194, 'batch_nonzero_r_frac': 1.0, 'target_mean': 721.7259521484375, 'td_target_norm_mean': 1.0643458366394043, 'Beta': 0.0, 'Q_ext_mean': -0.4463733434677124, 'Q_int_mean': 0.0, 'last_eps': 0.05, 'entropy': tensor(0.9428)}
[DQN] Step 760000/1000000 (Episodes: 756) smooth r 1559.6161133079738
{'extrinsic': 0.0057045090943574905, 'intrinsic': 0.0, 'rnd': 0.0, 'avg_r_int': 0.0, 'alpha': 0.11913134157657623, 'alpha_loss': 0.006312951445579529, 'batch_nonzero_r_frac': 1.0, 'target_mean': 724.0668334960938, 'td_target_norm_mean': 1.0407822132110596, 'Beta': 0.0, 'Q_ext_mean': -0.28096291422843933, 'Q_int_mean': 0.0, 'last_eps': 0.05, 'entropy': tensor(0.9319)}
{'extrinsic': 0.0061928690411150455, 'intrinsic': 0.0, 'rnd': 0.0, 'avg_r_int': 0.0, 'alpha': 0.10961993783712387, 'alpha_loss': 0.0038225322496145964, 'batch_nonzero_r_frac': 1.0, 'target_mean': 732.0419921875, 'td_target_norm_mean': 0.8791131377220154, 'Beta': 0.0, 'Q_ext_mean': -0.06684095412492752, 'Q_int_mean': 0.0, 'last_eps': 0.05, 'entropy': tensor(0.9138)}
{'extrinsic': 0.004759015049785376, 'intrinsic': 0.0, 'rnd': 0.0, 'avg_r_int': 0.0, 'alpha': 0.10453206300735474, 'alpha_loss': 0.003536874195560813, 'batch_nonzero_r_frac': 1.0, 'target_mean': 717.5828247070312, 'td_target_norm_mean': 0.9557130336761475, 'Beta': 0.0, 'Q_ext_mean': -0.27329525351524353, 'Q_int_mean': 0.0, 'last_eps': 0.05, 'entropy': tensor(0.9127)}
[DQN] Step 770000/1000000 (Episodes: 768) smooth r 1684.638478884514
{'extrinsic': 0.006885625887662172, 'intrinsic': 0.0, 'rnd': 0.0, 'avg_r_int': 0.0, 'alpha': 0.1019233912229538, 'alpha_loss': 0.002548135118559003, 'batch_nonzero_r_frac': 1.0, 'target_mean': 740.9401245117188, 'td_target_norm_mean': 0.8874561786651611, 'Beta': 0.0, 'Q_ext_mean': 0.0747528001666069, 'Q_int_mean': 0.0, 'last_eps': 0.05, 'entropy': tensor(0.9039)}
{'extrinsic': 0.007338947616517544, 'intrinsic': 0.0, 'rnd': 0.0, 'avg_r_int': 0.0, 'alpha': 0.10195393860340118, 'alpha_loss': -0.0012984189670532942, 'batch_nonzero_r_frac': 1.0, 'target_mean': 760.2794799804688, 'td_target_norm_mean': 0.7677935361862183, 'Beta': 0.0, 'Q_ext_mean': 0.26406776905059814, 'Q_int_mean': 0.0, 'last_eps': 0.05, 'entropy': tensor(0.8662)}
[DQN] Step 780000/1000000 (Episodes: 776) smooth r 1635.413883605728
{'extrinsic': 0.012155790813267231, 'intrinsic': 0.0, 'rnd': 0.0, 'avg_r_int': 0.0, 'alpha': 0.10645183175802231, 'alpha_loss': -0.0037679614033550024, 'batch_nonzero_r_frac': 1.0, 'target_mean': 753.1004028320312, 'td_target_norm_mean': 0.8487860560417175, 'Beta': 0.0, 'Q_ext_mean': 0.02103801816701889, 'Q_int_mean': 0.0, 'last_eps': 0.05, 'entropy': tensor(0.8435)}
{'extrinsic': 0.006308554671704769, 'intrinsic': 0.0, 'rnd': 0.0, 'avg_r_int': 0.0, 'alpha': 0.11011755466461182, 'alpha_loss': -0.0011059861863031983, 'batch_nonzero_r_frac': 1.0, 'target_mean': 751.239013671875, 'td_target_norm_mean': 1.0160191059112549, 'Beta': 0.0, 'Q_ext_mean': -0.06284978240728378, 'Q_int_mean': 0.0, 'last_eps': 0.05, 'entropy': tensor(0.8688)}
{'extrinsic': 0.007822121493518353, 'intrinsic': 0.0, 'rnd': 0.0, 'avg_r_int': 0.0, 'alpha': 0.11118315905332565, 'alpha_loss': -0.004338857252150774, 'batch_nonzero_r_frac': 1.0, 'target_mean': 763.36083984375, 'td_target_norm_mean': 0.7347023487091064, 'Beta': 0.0, 'Q_ext_mean': 0.09678339213132858, 'Q_int_mean': 0.0, 'last_eps': 0.05, 'entropy': tensor(0.8399)}
[DQN] Step 790000/1000000 (Episodes: 788) smooth r 1842.103818430943
{'extrinsic': 0.04699182137846947, 'intrinsic': 0.0, 'rnd': 0.0, 'avg_r_int': 0.0, 'alpha': 0.11627878248691559, 'alpha_loss': -0.0026244891341775656, 'batch_nonzero_r_frac': 0.984375, 'target_mean': 778.6680297851562, 'td_target_norm_mean': 0.7128329873085022, 'Beta': 0.0, 'Q_ext_mean': 0.31884461641311646, 'Q_int_mean': 0.0, 'last_eps': 0.05, 'entropy': tensor(0.8563)}
{'extrinsic': 0.011141076683998108, 'intrinsic': 0.0, 'rnd': 0.0, 'avg_r_int': 0.0, 'alpha': 0.12837427854537964, 'alpha_loss': -0.009043097496032715, 'batch_nonzero_r_frac': 1.0, 'target_mean': 775.9695434570312, 'td_target_norm_mean': 0.5853560566902161, 'Beta': 0.0, 'Q_ext_mean': 0.04071606695652008, 'Q_int_mean': 0.0, 'last_eps': 0.05, 'entropy': tensor(0.8084)}
[DQN] Step 800000/1000000 (Episodes: 796) smooth r 2002.3948577100468
{'extrinsic': 0.04378409683704376, 'intrinsic': 0.0, 'rnd': 0.0, 'avg_r_int': 0.0, 'alpha': 0.14082884788513184, 'alpha_loss': -0.004825057461857796, 'batch_nonzero_r_frac': 0.984375, 'target_mean': 783.7265014648438, 'td_target_norm_mean': 0.6489500999450684, 'Beta': 0.0, 'Q_ext_mean': 0.1485714316368103, 'Q_int_mean': 0.0, 'last_eps': 0.05, 'entropy': tensor(0.8446)}
{'extrinsic': 0.02302583120763302, 'intrinsic': 0.0, 'rnd': 0.0, 'avg_r_int': 0.0, 'alpha': 0.15350715816020966, 'alpha_loss': -0.0017377170734107494, 'batch_nonzero_r_frac': 1.0, 'target_mean': 784.5770874023438, 'td_target_norm_mean': 0.6424044370651245, 'Beta': 0.0, 'Q_ext_mean': -0.0006175082526169717, 'Q_int_mean': 0.0, 'last_eps': 0.05, 'entropy': tensor(0.8676)}
{'extrinsic': 0.009772272780537605, 'intrinsic': 0.0, 'rnd': 0.0, 'avg_r_int': 0.0, 'alpha': 0.16012559831142426, 'alpha_loss': -0.0005279446486383677, 'batch_nonzero_r_frac': 1.0, 'target_mean': 784.6058349609375, 'td_target_norm_mean': 0.6654703617095947, 'Beta': 0.0, 'Q_ext_mean': 0.052561551332473755, 'Q_int_mean': 0.0, 'last_eps': 0.05, 'entropy': tensor(0.8756)}
[DQN] Step 810000/1000000 (Episodes: 808) smooth r 1942.7636257012136
{'extrinsic': 0.007703003939241171, 'intrinsic': 0.0, 'rnd': 0.0, 'avg_r_int': 0.0, 'alpha': 0.14981499314308167, 'alpha_loss': 0.0009771034820005298, 'batch_nonzero_r_frac': 1.0, 'target_mean': 775.9872436523438, 'td_target_norm_mean': 0.8660053014755249, 'Beta': 0.0, 'Q_ext_mean': -0.12417149543762207, 'Q_int_mean': 0.0, 'last_eps': 0.05, 'entropy': tensor(0.8854)}
{'extrinsic': 0.008257105015218258, 'intrinsic': 0.0, 'rnd': 0.0, 'avg_r_int': 0.0, 'alpha': 0.13795626163482666, 'alpha_loss': -0.0013825681526213884, 'batch_nonzero_r_frac': 1.0, 'target_mean': 777.9387817382812, 'td_target_norm_mean': 0.8127157092094421, 'Beta': 0.0, 'Q_ext_mean': -0.07681185007095337, 'Q_int_mean': 0.0, 'last_eps': 0.05, 'entropy': tensor(0.8689)}
[DQN] Step 820000/1000000 (Episodes: 816) smooth r 1982.9784560805556
{'extrinsic': 0.014247730374336243, 'intrinsic': 0.0, 'rnd': 0.0, 'avg_r_int': 0.0, 'alpha': 0.1310095638036728, 'alpha_loss': 0.00014855549670755863, 'batch_nonzero_r_frac': 1.0, 'target_mean': 786.6621704101562, 'td_target_norm_mean': 0.7944067716598511, 'Beta': 0.0, 'Q_ext_mean': 0.07796125113964081, 'Q_int_mean': 0.0, 'last_eps': 0.05, 'entropy': tensor(0.8800)}
{'extrinsic': 0.005201287567615509, 'intrinsic': 0.0, 'rnd': 0.0, 'avg_r_int': 0.0, 'alpha': 0.12362874299287796, 'alpha_loss': 9.435364336241037e-05, 'batch_nonzero_r_frac': 1.0, 'target_mean': 795.9483642578125, 'td_target_norm_mean': 0.8502978086471558, 'Beta': 0.0, 'Q_ext_mean': 0.11557868123054504, 'Q_int_mean': 0.0, 'last_eps': 0.05, 'entropy': tensor(0.8797)}
{'extrinsic': 0.0069373552687466145, 'intrinsic': 0.0, 'rnd': 0.0, 'avg_r_int': 0.0, 'alpha': 0.11777307093143463, 'alpha_loss': -0.002338746329769492, 'batch_nonzero_r_frac': 1.0, 'target_mean': 783.3572998046875, 'td_target_norm_mean': 0.8645487427711487, 'Beta': 0.0, 'Q_ext_mean': -0.1285429447889328, 'Q_int_mean': 0.0, 'last_eps': 0.05, 'entropy': tensor(0.8590)}
[DQN] Step 830000/1000000 (Episodes: 828) smooth r 1836.8181812644107
{'extrinsic': 0.008657796308398247, 'intrinsic': 0.0, 'rnd': 0.0, 'avg_r_int': 0.0, 'alpha': 0.11553746461868286, 'alpha_loss': -0.0048249829560518265, 'batch_nonzero_r_frac': 1.0, 'target_mean': 803.423583984375, 'td_target_norm_mean': 0.7339283227920532, 'Beta': 0.0, 'Q_ext_mean': 0.09960000962018967, 'Q_int_mean': 0.0, 'last_eps': 0.05, 'entropy': tensor(0.8371)}
{'extrinsic': 0.0068943314254283905, 'intrinsic': 0.0, 'rnd': 0.0, 'avg_r_int': 0.0, 'alpha': 0.11676731705665588, 'alpha_loss': 0.0001420595945091918, 'batch_nonzero_r_frac': 1.0, 'target_mean': 800.8372802734375, 'td_target_norm_mean': 0.8479710817337036, 'Beta': 0.0, 'Q_ext_mean': 0.045640215277671814, 'Q_int_mean': 0.0, 'last_eps': 0.05, 'entropy': tensor(0.8801)}
[DQN] Step 840000/1000000 (Episodes: 836) smooth r 1964.785244271661
{'extrinsic': 0.008886530995368958, 'intrinsic': 0.0, 'rnd': 0.0, 'avg_r_int': 0.0, 'alpha': 0.11449499428272247, 'alpha_loss': 0.00013687508180737495, 'batch_nonzero_r_frac': 1.0, 'target_mean': 809.3870239257812, 'td_target_norm_mean': 0.7589277029037476, 'Beta': 0.0, 'Q_ext_mean': 0.12953652441501617, 'Q_int_mean': 0.0, 'last_eps': 0.05, 'entropy': tensor(0.8801)}
{'extrinsic': 0.00507737323641777, 'intrinsic': 0.0, 'rnd': 0.0, 'avg_r_int': 0.0, 'alpha': 0.11427698284387589, 'alpha_loss': -0.0033000893890857697, 'batch_nonzero_r_frac': 1.0, 'target_mean': 807.078369140625, 'td_target_norm_mean': 0.7765237092971802, 'Beta': 0.0, 'Q_ext_mean': 0.07066190242767334, 'Q_int_mean': 0.0, 'last_eps': 0.05, 'entropy': tensor(0.8500)}
{'extrinsic': 0.007011590525507927, 'intrinsic': 0.0, 'rnd': 0.0, 'avg_r_int': 0.0, 'alpha': 0.11587550491094589, 'alpha_loss': -0.00245674722827971, 'batch_nonzero_r_frac': 1.0, 'target_mean': 809.9301147460938, 'td_target_norm_mean': 0.8097116351127625, 'Beta': 0.0, 'Q_ext_mean': 0.04385438188910484, 'Q_int_mean': 0.0, 'last_eps': 0.05, 'entropy': tensor(0.8577)}
[DQN] Step 850000/1000000 (Episodes: 848) smooth r 1853.532694060669
{'extrinsic': 0.0054821474477648735, 'intrinsic': 0.0, 'rnd': 0.0, 'avg_r_int': 0.0, 'alpha': 0.11732515692710876, 'alpha_loss': -0.0024269449058920145, 'batch_nonzero_r_frac': 1.0, 'target_mean': 805.397216796875, 'td_target_norm_mean': 0.7773315906524658, 'Beta': 0.0, 'Q_ext_mean': -0.03552667424082756, 'Q_int_mean': 0.0, 'last_eps': 0.05, 'entropy': tensor(0.8582)}
{'extrinsic': 0.004644058644771576, 'intrinsic': 0.0, 'rnd': 0.0, 'avg_r_int': 0.0, 'alpha': 0.11210852116346359, 'alpha_loss': 0.00936844665557146, 'batch_nonzero_r_frac': 1.0, 'target_mean': 786.9804077148438, 'td_target_norm_mean': 0.9846089482307434, 'Beta': 0.0, 'Q_ext_mean': -0.18867577612400055, 'Q_int_mean': 0.0, 'last_eps': 0.05, 'entropy': tensor(0.9624)}
[DQN] Step 860000/1000000 (Episodes: 856) smooth r 1653.761436479535
{'extrinsic': 0.00433936296030879, 'intrinsic': 0.0, 'rnd': 0.0, 'avg_r_int': 0.0, 'alpha': 0.10464517027139664, 'alpha_loss': -0.002013645600527525, 'batch_nonzero_r_frac': 1.0, 'target_mean': 800.6932373046875, 'td_target_norm_mean': 0.8530333042144775, 'Beta': 0.0, 'Q_ext_mean': 0.03828324005007744, 'Q_int_mean': 0.0, 'last_eps': 0.05, 'entropy': tensor(0.8596)}
{'extrinsic': 0.005667883902788162, 'intrinsic': 0.0, 'rnd': 0.0, 'avg_r_int': 0.0, 'alpha': 0.10241356492042542, 'alpha_loss': 0.0010755006223917007, 'batch_nonzero_r_frac': 1.0, 'target_mean': 812.6243286132812, 'td_target_norm_mean': 0.8742864727973938, 'Beta': 0.0, 'Q_ext_mean': 0.16308976709842682, 'Q_int_mean': 0.0, 'last_eps': 0.05, 'entropy': tensor(0.8894)}
{'extrinsic': 0.010683568194508553, 'intrinsic': 0.0, 'rnd': 0.0, 'avg_r_int': 0.0, 'alpha': 0.09968287497758865, 'alpha_loss': 0.0018050477374345064, 'batch_nonzero_r_frac': 1.0, 'target_mean': 790.2926635742188, 'td_target_norm_mean': 0.9259718656539917, 'Beta': 0.0, 'Q_ext_mean': -0.09785142540931702, 'Q_int_mean': 0.0, 'last_eps': 0.05, 'entropy': tensor(0.8970)}
[DQN] Step 870000/1000000 (Episodes: 868) smooth r 1759.132580911374
{'extrinsic': 0.006215087603777647, 'intrinsic': 0.0, 'rnd': 0.0, 'avg_r_int': 0.0, 'alpha': 0.0993606299161911, 'alpha_loss': -0.0020707431249320507, 'batch_nonzero_r_frac': 1.0, 'target_mean': 795.7239379882812, 'td_target_norm_mean': 0.9285542368888855, 'Beta': 0.0, 'Q_ext_mean': -0.0659022107720375, 'Q_int_mean': 0.0, 'last_eps': 0.05, 'entropy': tensor(0.8580)}
{'extrinsic': 0.0062519097700715065, 'intrinsic': 0.0, 'rnd': 0.0, 'avg_r_int': 0.0, 'alpha': 0.1030697450041771, 'alpha_loss': -0.002653211122378707, 'batch_nonzero_r_frac': 1.0, 'target_mean': 807.964599609375, 'td_target_norm_mean': 0.8652393221855164, 'Beta': 0.0, 'Q_ext_mean': -0.05410033464431763, 'Q_int_mean': 0.0, 'last_eps': 0.05, 'entropy': tensor(0.8531)}
[DQN] Step 880000/1000000 (Episodes: 876) smooth r 1926.700147532749
{'extrinsic': 0.007413562387228012, 'intrinsic': 0.0, 'rnd': 0.0, 'avg_r_int': 0.0, 'alpha': 0.10856946557760239, 'alpha_loss': -0.00417570723220706, 'batch_nonzero_r_frac': 1.0, 'target_mean': 830.8067016601562, 'td_target_norm_mean': 0.7475103139877319, 'Beta': 0.0, 'Q_ext_mean': 0.20494334399700165, 'Q_int_mean': 0.0, 'last_eps': 0.05, 'entropy': tensor(0.8404)}
{'extrinsic': 0.005346646066755056, 'intrinsic': 0.0, 'rnd': 0.0, 'avg_r_int': 0.0, 'alpha': 0.11118196696043015, 'alpha_loss': 0.0032627470791339874, 'batch_nonzero_r_frac': 1.0, 'target_mean': 823.2644653320312, 'td_target_norm_mean': 0.7526283264160156, 'Beta': 0.0, 'Q_ext_mean': 0.029995935037732124, 'Q_int_mean': 0.0, 'last_eps': 0.05, 'entropy': tensor(0.9082)}
{'extrinsic': 0.006696335505694151, 'intrinsic': 0.0, 'rnd': 0.0, 'avg_r_int': 0.0, 'alpha': 0.11257048696279526, 'alpha_loss': -0.0017374391900375485, 'batch_nonzero_r_frac': 1.0, 'target_mean': 832.1153564453125, 'td_target_norm_mean': 0.690743625164032, 'Beta': 0.0, 'Q_ext_mean': 0.0839376375079155, 'Q_int_mean': 0.0, 'last_eps': 0.05, 'entropy': tensor(0.8635)}
[DQN] Step 890000/1000000 (Episodes: 888) smooth r 2055.172402408677
{'extrinsic': 0.0074925608932971954, 'intrinsic': 0.0, 'rnd': 0.0, 'avg_r_int': 0.0, 'alpha': 0.11591950058937073, 'alpha_loss': -0.003284286241978407, 'batch_nonzero_r_frac': 1.0, 'target_mean': 833.37255859375, 'td_target_norm_mean': 0.6402501463890076, 'Beta': 0.0, 'Q_ext_mean': 0.027055811136960983, 'Q_int_mean': 0.0, 'last_eps': 0.05, 'entropy': tensor(0.8506)}
{'extrinsic': 0.005457307677716017, 'intrinsic': 0.0, 'rnd': 0.0, 'avg_r_int': 0.0, 'alpha': 0.11369220912456512, 'alpha_loss': 0.0002283268258906901, 'batch_nonzero_r_frac': 1.0, 'target_mean': 835.3667602539062, 'td_target_norm_mean': 0.7206182479858398, 'Beta': 0.0, 'Q_ext_mean': 0.10916823893785477, 'Q_int_mean': 0.0, 'last_eps': 0.05, 'entropy': tensor(0.8809)}
[DQN] Step 900000/1000000 (Episodes: 896) smooth r 2075.747345246876
{'extrinsic': 0.008734048344194889, 'intrinsic': 0.0, 'rnd': 0.0, 'avg_r_int': 0.0, 'alpha': 0.11798623949289322, 'alpha_loss': -0.008540185168385506, 'batch_nonzero_r_frac': 1.0, 'target_mean': 840.2941284179688, 'td_target_norm_mean': 0.6405108571052551, 'Beta': 0.0, 'Q_ext_mean': 0.09464094787836075, 'Q_int_mean': 0.0, 'last_eps': 0.05, 'entropy': tensor(0.8065)}
{'extrinsic': 0.006176311988383532, 'intrinsic': 0.0, 'rnd': 0.0, 'avg_r_int': 0.0, 'alpha': 0.1241689920425415, 'alpha_loss': 0.0009030288783833385, 'batch_nonzero_r_frac': 1.0, 'target_mean': 843.5396118164062, 'td_target_norm_mean': 0.7011592984199524, 'Beta': 0.0, 'Q_ext_mean': 0.058577436953783035, 'Q_int_mean': 0.0, 'last_eps': 0.05, 'entropy': tensor(0.8862)}
{'extrinsic': 0.016165297478437424, 'intrinsic': 0.0, 'rnd': 0.0, 'avg_r_int': 0.0, 'alpha': 0.1282299906015396, 'alpha_loss': -0.004713022615760565, 'batch_nonzero_r_frac': 1.0, 'target_mean': 834.2860717773438, 'td_target_norm_mean': 0.7679511308670044, 'Beta': 0.0, 'Q_ext_mean': -0.18944531679153442, 'Q_int_mean': 0.0, 'last_eps': 0.05, 'entropy': tensor(0.8421)}
[DQN] Step 910000/1000000 (Episodes: 908) smooth r 2144.6486307115642
{'extrinsic': 0.012743559665977955, 'intrinsic': 0.0, 'rnd': 0.0, 'avg_r_int': 0.0, 'alpha': 0.12957778573036194, 'alpha_loss': 0.0027361842803657055, 'batch_nonzero_r_frac': 1.0, 'target_mean': 856.2301635742188, 'td_target_norm_mean': 0.5386084914207458, 'Beta': 0.0, 'Q_ext_mean': 0.14998838305473328, 'Q_int_mean': 0.0, 'last_eps': 0.05, 'entropy': tensor(0.9000)}
{'extrinsic': 0.0085518853738904, 'intrinsic': 0.0, 'rnd': 0.0, 'avg_r_int': 0.0, 'alpha': 0.1400347352027893, 'alpha_loss': 0.0016549620777368546, 'batch_nonzero_r_frac': 1.0, 'target_mean': 843.6450805664062, 'td_target_norm_mean': 0.6546757817268372, 'Beta': 0.0, 'Q_ext_mean': -0.15789729356765747, 'Q_int_mean': 0.0, 'last_eps': 0.05, 'entropy': tensor(0.8907)}
[DQN] Step 920000/1000000 (Episodes: 916) smooth r 2177.834566205054
{'extrinsic': 0.01558638084679842, 'intrinsic': 0.0, 'rnd': 0.0, 'avg_r_int': 0.0, 'alpha': 0.14459767937660217, 'alpha_loss': -0.005334218963980675, 'batch_nonzero_r_frac': 1.0, 'target_mean': 846.2725830078125, 'td_target_norm_mean': 0.681836724281311, 'Beta': 0.0, 'Q_ext_mean': -0.16034537553787231, 'Q_int_mean': 0.0, 'last_eps': 0.05, 'entropy': tensor(0.8420)}
{'extrinsic': 0.009645150043070316, 'intrinsic': 0.0, 'rnd': 0.0, 'avg_r_int': 0.0, 'alpha': 0.14856110513210297, 'alpha_loss': -0.0020125359296798706, 'batch_nonzero_r_frac': 1.0, 'target_mean': 857.252197265625, 'td_target_norm_mean': 0.686698853969574, 'Beta': 0.0, 'Q_ext_mean': 0.10120917856693268, 'Q_int_mean': 0.0, 'last_eps': 0.05, 'entropy': tensor(0.8653)}
{'extrinsic': 0.013945033773779869, 'intrinsic': 0.0, 'rnd': 0.0, 'avg_r_int': 0.0, 'alpha': 0.15283891558647156, 'alpha_loss': -0.00809906143695116, 'batch_nonzero_r_frac': 1.0, 'target_mean': 859.9157104492188, 'td_target_norm_mean': 0.5754536390304565, 'Beta': 0.0, 'Q_ext_mean': 0.06862993538379669, 'Q_int_mean': 0.0, 'last_eps': 0.05, 'entropy': tensor(0.8259)}
[DQN] Step 930000/1000000 (Episodes: 928) smooth r 2245.79179048544
{'extrinsic': 0.015250969678163528, 'intrinsic': 0.0, 'rnd': 0.0, 'avg_r_int': 0.0, 'alpha': 0.1583811491727829, 'alpha_loss': -0.0011384517420083284, 'batch_nonzero_r_frac': 0.984375, 'target_mean': 850.59716796875, 'td_target_norm_mean': 0.8926125764846802, 'Beta': 0.0, 'Q_ext_mean': -0.22020839154720306, 'Q_int_mean': 0.0, 'last_eps': 0.05, 'entropy': tensor(0.8717)}
{'extrinsic': 0.023117955774068832, 'intrinsic': 0.0, 'rnd': 0.0, 'avg_r_int': 0.0, 'alpha': 0.16099466383457184, 'alpha_loss': -0.0032529402524232864, 'batch_nonzero_r_frac': 1.0, 'target_mean': 861.2733764648438, 'td_target_norm_mean': 0.7114377021789551, 'Beta': 0.0, 'Q_ext_mean': -0.08692332357168198, 'Q_int_mean': 0.0, 'last_eps': 0.05, 'entropy': tensor(0.8587)}
[DQN] Step 940000/1000000 (Episodes: 936) smooth r 2372.032795183438
{'extrinsic': 0.013077438808977604, 'intrinsic': 0.0, 'rnd': 0.0, 'avg_r_int': 0.0, 'alpha': 0.1773052215576172, 'alpha_loss': -0.0028313035145401955, 'batch_nonzero_r_frac': 1.0, 'target_mean': 861.78125, 'td_target_norm_mean': 0.7234818935394287, 'Beta': 0.0, 'Q_ext_mean': -0.05942447483539581, 'Q_int_mean': 0.0, 'last_eps': 0.05, 'entropy': tensor(0.8629)}
{'extrinsic': 0.017632512375712395, 'intrinsic': 0.0, 'rnd': 0.0, 'avg_r_int': 0.0, 'alpha': 0.1918436586856842, 'alpha_loss': -0.002491304185241461, 'batch_nonzero_r_frac': 1.0, 'target_mean': 862.4762573242188, 'td_target_norm_mean': 0.7565737962722778, 'Beta': 0.0, 'Q_ext_mean': -0.12426438927650452, 'Q_int_mean': 0.0, 'last_eps': 0.05, 'entropy': tensor(0.8659)}
{'extrinsic': 0.022267615422606468, 'intrinsic': 0.0, 'rnd': 0.0, 'avg_r_int': 0.0, 'alpha': 0.1967702955007553, 'alpha_loss': -0.004223677329719067, 'batch_nonzero_r_frac': 1.0, 'target_mean': 860.6553344726562, 'td_target_norm_mean': 0.7544847130775452, 'Beta': 0.0, 'Q_ext_mean': -0.2892988920211792, 'Q_int_mean': 0.0, 'last_eps': 0.05, 'entropy': tensor(0.8574)}
[DQN] Step 950000/1000000 (Episodes: 948) smooth r 2430.7887897077017
{'extrinsic': 0.014337049797177315, 'intrinsic': 0.0, 'rnd': 0.0, 'avg_r_int': 0.0, 'alpha': 0.19434410333633423, 'alpha_loss': -0.000960025005042553, 'batch_nonzero_r_frac': 1.0, 'target_mean': 866.5540771484375, 'td_target_norm_mean': 0.7172470092773438, 'Beta': 0.0, 'Q_ext_mean': -0.12459185719490051, 'Q_int_mean': 0.0, 'last_eps': 0.05, 'entropy': tensor(0.8739)}
{'extrinsic': 0.022464321926236153, 'intrinsic': 0.0, 'rnd': 0.0, 'avg_r_int': 0.0, 'alpha': 0.19509576261043549, 'alpha_loss': -0.008493364788591862, 'batch_nonzero_r_frac': 1.0, 'target_mean': 866.3385620117188, 'td_target_norm_mean': 0.6885552406311035, 'Beta': 0.0, 'Q_ext_mean': -0.20778433978557587, 'Q_int_mean': 0.0, 'last_eps': 0.05, 'entropy': tensor(0.8354)}
[DQN] Step 960000/1000000 (Episodes: 956) smooth r 2541.3595162464226
{'extrinsic': 0.015036677941679955, 'intrinsic': 0.0, 'rnd': 0.0, 'avg_r_int': 0.0, 'alpha': 0.19439838826656342, 'alpha_loss': 0.0010363630717620254, 'batch_nonzero_r_frac': 1.0, 'target_mean': 872.1195068359375, 'td_target_norm_mean': 0.7222429513931274, 'Beta': 0.0, 'Q_ext_mean': -0.07247736304998398, 'Q_int_mean': 0.0, 'last_eps': 0.05, 'entropy': tensor(0.8842)}
{'extrinsic': 0.008868991397321224, 'intrinsic': 0.0, 'rnd': 0.0, 'avg_r_int': 0.0, 'alpha': 0.17637908458709717, 'alpha_loss': 0.003979234024882317, 'batch_nonzero_r_frac': 1.0, 'target_mean': 878.420166015625, 'td_target_norm_mean': 0.7350896596908569, 'Beta': 0.0, 'Q_ext_mean': 0.10565167665481567, 'Q_int_mean': 0.0, 'last_eps': 0.05, 'entropy': tensor(0.9014)}
{'extrinsic': 0.008866224437952042, 'intrinsic': 0.0, 'rnd': 0.0, 'avg_r_int': 0.0, 'alpha': 0.16259311139583588, 'alpha_loss': 0.012226389721035957, 'batch_nonzero_r_frac': 1.0, 'target_mean': 856.0467529296875, 'td_target_norm_mean': 0.9004666805267334, 'Beta': 0.0, 'Q_ext_mean': -0.37477269768714905, 'Q_int_mean': 0.0, 'last_eps': 0.05, 'entropy': tensor(0.9541)}
[DQN] Step 970000/1000000 (Episodes: 968) smooth r 2229.2261772701895
{'extrinsic': 0.008879820816218853, 'intrinsic': 0.0, 'rnd': 0.0, 'avg_r_int': 0.0, 'alpha': 0.15217360854148865, 'alpha_loss': 0.0049507194198668, 'batch_nonzero_r_frac': 1.0, 'target_mean': 876.7606201171875, 'td_target_norm_mean': 0.6887833476066589, 'Beta': 0.0, 'Q_ext_mean': -5.797793346573599e-05, 'Q_int_mean': 0.0, 'last_eps': 0.05, 'entropy': tensor(0.9114)}
{'extrinsic': 0.006523621268570423, 'intrinsic': 0.0, 'rnd': 0.0, 'avg_r_int': 0.0, 'alpha': 0.1385105848312378, 'alpha_loss': 0.007398977875709534, 'batch_nonzero_r_frac': 1.0, 'target_mean': 867.345947265625, 'td_target_norm_mean': 0.8742499947547913, 'Beta': 0.0, 'Q_ext_mean': -0.0856127217411995, 'Q_int_mean': 0.0, 'last_eps': 0.05, 'entropy': tensor(0.9323)}
[DQN] Step 980000/1000000 (Episodes: 976) smooth r 2008.530097417621
{'extrinsic': 0.00634271465241909, 'intrinsic': 0.0, 'rnd': 0.0, 'avg_r_int': 0.0, 'alpha': 0.12733261287212372, 'alpha_loss': 0.0032631424255669117, 'batch_nonzero_r_frac': 1.0, 'target_mean': 872.3533935546875, 'td_target_norm_mean': 0.775798499584198, 'Beta': 0.0, 'Q_ext_mean': 0.05522458627820015, 'Q_int_mean': 0.0, 'last_eps': 0.05, 'entropy': tensor(0.9045)}
{'extrinsic': 0.006939174607396126, 'intrinsic': 0.0, 'rnd': 0.0, 'avg_r_int': 0.0, 'alpha': 0.12069182842969894, 'alpha_loss': 0.003973433747887611, 'batch_nonzero_r_frac': 1.0, 'target_mean': 883.1400756835938, 'td_target_norm_mean': 0.7083645462989807, 'Beta': 0.0, 'Q_ext_mean': 0.14492948353290558, 'Q_int_mean': 0.0, 'last_eps': 0.05, 'entropy': tensor(0.9118)}
{'extrinsic': 0.008117354474961758, 'intrinsic': 0.0, 'rnd': 0.0, 'avg_r_int': 0.0, 'alpha': 0.11843165010213852, 'alpha_loss': -0.0005322359502315521, 'batch_nonzero_r_frac': 1.0, 'target_mean': 882.3392333984375, 'td_target_norm_mean': 0.6382530331611633, 'Beta': 0.0, 'Q_ext_mean': 0.05324079841375351, 'Q_int_mean': 0.0, 'last_eps': 0.05, 'entropy': tensor(0.8744)}
[DQN] Step 990000/1000000 (Episodes: 988) smooth r 2172.7967471389575
{'extrinsic': 0.007336305920034647, 'intrinsic': 0.0, 'rnd': 0.0, 'avg_r_int': 0.0, 'alpha': 0.12066581845283508, 'alpha_loss': 0.0006405713502317667, 'batch_nonzero_r_frac': 1.0, 'target_mean': 886.3363037109375, 'td_target_norm_mean': 0.6238978505134583, 'Beta': 0.0, 'Q_ext_mean': 0.09450192004442215, 'Q_int_mean': 0.0, 'last_eps': 0.05, 'entropy': tensor(0.8842)}
{'extrinsic': 0.010777256451547146, 'intrinsic': 0.0, 'rnd': 0.0, 'avg_r_int': 0.0, 'alpha': 0.12433106452226639, 'alpha_loss': -0.0041310908272862434, 'batch_nonzero_r_frac': 1.0, 'target_mean': 894.79638671875, 'td_target_norm_mean': 0.6958338618278503, 'Beta': 0.0, 'Q_ext_mean': 0.14108729362487793, 'Q_int_mean': 0.0, 'last_eps': 0.05, 'entropy': tensor(0.8457)}
Time taken modular {'action_sample': 112.95139193534851, 'env_step': 145.03281712532043, 'update_agent': 2025.2269823551178, 'eval_agent': 0.0}
Training wall clock time: 2364.05 seconds