{
    "ablation_0": {
        "device": "cpu",
        "num_envs": 8,
        "steps_per_sec": 101.69215708193221,
        "updates_per_sec": 12.711519635241526
    },
    "ablation_1": {
        "device": "cpu",
        "num_envs": 8,
        "steps_per_sec": 111.11217018191394,
        "updates_per_sec": 13.889021272739242
    },
    "ablation_2": {
        "device": "cpu",
        "num_envs": 4,
        "steps_per_sec": 110.15063046458036,
        "updates_per_sec": 13.768828808072545
    },
    "ablation_3": {
        "device": "cpu",
        "num_envs": 4,
        "steps_per_sec": 112.99629650285596,
        "updates_per_sec": 14.124537062856994
    },
    "ablation_4": {
        "device": "cpu",
        "num_envs": 16,
        "steps_per_sec": 408.67747308845486,
        "updates_per_sec": 51.08468413605686
    },
    "ablation_5": {
        "device": "cpu",
        "num_envs": 12,
        "steps_per_sec": 107.29907622587378,
        "updates_per_sec": 13.445501527069368
    }
}