{
    "ablation_0": {
        "device": "cpu",
        "num_envs": 16,
        "steps_per_sec": 680.4143243086578,
        "updates_per_sec": 85.05179053858222
    },
    "ablation_1": {
        "device": "cpu",
        "num_envs": 16,
        "steps_per_sec": 677.0135131822785,
        "updates_per_sec": 84.62668914778482
    },
    "ablation_2": {
        "device": "cpu",
        "num_envs": 16,
        "steps_per_sec": 671.4087489940615,
        "updates_per_sec": 83.92609362425769
    },
    "ablation_3": {
        "device": "cpu",
        "num_envs": 16,
        "steps_per_sec": 676.9142593066608,
        "updates_per_sec": 84.6142824133326
    },
    "ablation_4": {
        "device": "cpu",
        "num_envs": 16,
        "steps_per_sec": 1153.3668994432535,
        "updates_per_sec": 144.1708624304067
    },
    "ablation_5": {
        "device": "cpu",
        "num_envs": 16,
        "steps_per_sec": 671.6711659485438,
        "updates_per_sec": 83.95889574356798
    }
}