{
    "ablation_0": {
        "device": "cuda:0",
        "num_envs": 16,
        "steps_per_sec": 471.27718067864663,
        "updates_per_sec": 58.90964758483083
    },
    "ablation_1": {
        "device": "cuda:0",
        "num_envs": 16,
        "steps_per_sec": 481.6026748938296,
        "updates_per_sec": 60.2003343617287
    },
    "ablation_2": {
        "device": "cuda:0",
        "num_envs": 16,
        "steps_per_sec": 486.05897218147857,
        "updates_per_sec": 60.75737152268482
    },
    "ablation_3": {
        "device": "cuda:0",
        "num_envs": 16,
        "steps_per_sec": 490.9143281664371,
        "updates_per_sec": 61.364291020804636
    },
    "ablation_4": {
        "device": "cuda:0",
        "num_envs": 16,
        "steps_per_sec": 611.6196178730962,
        "updates_per_sec": 76.45245223413703
    },
    "ablation_5": {
        "device": "cuda:0",
        "num_envs": 16,
        "steps_per_sec": 472.87614080917183,
        "updates_per_sec": 59.10951760114648
    }
}