{
    "ablation_0": {
        "device": "cpu",
        "num_envs": 16,
        "steps_per_sec": 986.9845647767077,
        "updates_per_sec": 123.37307059708846
    },
    "ablation_1": {
        "device": "cpu",
        "num_envs": 16,
        "steps_per_sec": 966.2413315600883,
        "updates_per_sec": 120.78016644501103
    },
    "ablation_2": {
        "device": "cpu",
        "num_envs": 16,
        "steps_per_sec": 936.3394375120967,
        "updates_per_sec": 117.04242968901208
    },
    "ablation_3": {
        "device": "cpu",
        "num_envs": 16,
        "steps_per_sec": 926.0341937958615,
        "updates_per_sec": 115.75427422448269
    },
    "ablation_4": {
        "device": "cpu",
        "num_envs": 16,
        "steps_per_sec": 1509.1771113576035,
        "updates_per_sec": 188.64713891970044
    },
    "ablation_5": {
        "device": "cpu",
        "num_envs": 16,
        "steps_per_sec": 928.5038269249701,
        "updates_per_sec": 116.06297836562126
    }
}