{
    "ablation_0": {
        "device": "cpu",
        "num_envs": 16,
        "steps_per_sec": 377.50005752296846,
        "updates_per_sec": 47.18750719037106
    },
    "ablation_1": {
        "device": "cpu",
        "num_envs": 16,
        "steps_per_sec": 371.68002270202163,
        "updates_per_sec": 46.460002837752704
    },
    "ablation_2": {
        "device": "cpu",
        "num_envs": 8,
        "steps_per_sec": 370.96697557540415,
        "updates_per_sec": 46.37087194692552
    },
    "ablation_3": {
        "device": "cpu",
        "num_envs": 16,
        "steps_per_sec": 375.6948462846979,
        "updates_per_sec": 46.96185578558724
    },
    "ablation_4": {
        "device": "cpu",
        "num_envs": 16,
        "steps_per_sec": 626.363402176582,
        "updates_per_sec": 78.29542527207275
    },
    "ablation_5": {
        "device": "cpu",
        "num_envs": 16,
        "steps_per_sec": 368.9156362307536,
        "updates_per_sec": 46.1144545288442
    }
}