{
    "ablation_0": {
        "device": "cuda",
        "num_envs": 16,
        "steps_per_sec": 163.04742333743798,
        "updates_per_sec": 40.761855834359494
    },
    "ablation_1": {
        "device": "cuda",
        "num_envs": 16,
        "steps_per_sec": 159.52720051025435,
        "updates_per_sec": 39.88180012756359
    },
    "ablation_2": {
        "device": "cuda",
        "num_envs": 8,
        "steps_per_sec": 166.98454865492667,
        "updates_per_sec": 41.74613716373167
    },
    "ablation_3": {
        "device": "cuda",
        "num_envs": 16,
        "steps_per_sec": 178.30050882820794,
        "updates_per_sec": 44.575127207051985
    },
    "ablation_4": {
        "device": "cpu",
        "num_envs": 16,
        "steps_per_sec": 244.1578162183844,
        "updates_per_sec": 61.0394540545961
    },
    "ablation_5": {
        "device": "cuda",
        "num_envs": 8,
        "steps_per_sec": 167.22484912240787,
        "updates_per_sec": 41.80621228060197
    }
}