{
    "ablation_0": {
        "device": "cuda:0",
        "num_envs": 128,
        "steps_per_sec": 286.20511058071287,
        "updates_per_sec": 71.55127764517822
    },
    "ablation_1": {
        "device": "cuda:0",
        "num_envs": 64,
        "steps_per_sec": 264.39621531624255,
        "updates_per_sec": 66.09905382906064
    },
    "ablation_2": {
        "device": "cuda:0",
        "num_envs": 128,
        "steps_per_sec": 254.05138419131782,
        "updates_per_sec": 63.512846047829456
    },
    "ablation_3": {
        "device": "cuda:0",
        "num_envs": 128,
        "steps_per_sec": 270.9644818219854,
        "updates_per_sec": 67.74112045549634
    },
    "ablation_4": {
        "device": "cpu",
        "num_envs": 128,
        "steps_per_sec": 446.4708154318686,
        "updates_per_sec": 111.61770385796714
    },
    "ablation_5": {
        "device": "cuda:0",
        "num_envs": 64,
        "steps_per_sec": 270.94757608657784,
        "updates_per_sec": 67.73689402164446
    }
}