{
    "ablation_0": {
        "device": "cuda:0",
        "num_envs": 128,
        "steps_per_sec": 7178.945837818073,
        "updates_per_sec": 56.0855143579537
    },
    "ablation_1": {
        "device": "cuda:0",
        "num_envs": 128,
        "steps_per_sec": 7142.143101281513,
        "updates_per_sec": 55.46467163480266
    },
    "ablation_2": {
        "device": "cuda:0",
        "num_envs": 128,
        "steps_per_sec": 6884.722154061765,
        "updates_per_sec": 53.78689182860754
    },
    "ablation_3": {
        "device": "cuda:0",
        "num_envs": 128,
        "steps_per_sec": 7041.810774787168,
        "updates_per_sec": 55.01414667802475
    },
    "ablation_4": {
        "device": "cpu",
        "num_envs": 128,
        "steps_per_sec": 10298.76325387047,
        "updates_per_sec": 80.45908792086304
    },
    "ablation_5": {
        "device": "cuda:0",
        "num_envs": 128,
        "steps_per_sec": 7146.081162752402,
        "updates_per_sec": 55.82875908400314
    }
}