{
    "ablation_0": {
        "device": "cpu",
        "num_envs": 128,
        "steps_per_sec": 282.10975561393224,
        "updates_per_sec": 70.52743890348306
    },
    "ablation_1": {
        "device": "cuda:0",
        "num_envs": 128,
        "steps_per_sec": 341.9964001028862,
        "updates_per_sec": 85.49910002572155
    },
    "ablation_2": {
        "device": "cpu",
        "num_envs": 64,
        "steps_per_sec": 295.50203682804516,
        "updates_per_sec": 73.87550920701129
    },
    "ablation_3": {
        "device": "cuda:0",
        "num_envs": 128,
        "steps_per_sec": 572.8909233112006,
        "updates_per_sec": 143.22273082780015
    },
    "ablation_4": {
        "device": "cpu",
        "num_envs": 128,
        "steps_per_sec": 626.4648404116614,
        "updates_per_sec": 156.61621010291535
    },
    "ablation_5": {
        "device": "cuda:0",
        "num_envs": 12,
        "steps_per_sec": 299.24609338782085,
        "updates_per_sec": 74.81152334695521
    }
}