{
    "ablation_0": {
        "device": "cuda:0",
        "num_envs": 128,
        "steps_per_sec": 2643.784576982351,
        "updates_per_sec": 20.25480119462285
    },
    "ablation_1": {
        "device": "cuda:0",
        "num_envs": 128,
        "steps_per_sec": 2651.4796229387402,
        "updates_per_sec": 20.24843763498234
    },
    "ablation_2": {
        "device": "cuda:0",
        "num_envs": 128,
        "steps_per_sec": 2644.0686347099254,
        "updates_per_sec": 20.25697744334217
    },
    "ablation_3": {
        "device": "cuda:0",
        "num_envs": 128,
        "steps_per_sec": 2686.1655898957274,
        "updates_per_sec": 20.252835796832866
    },
    "ablation_4": {
        "device": "cuda:0",
        "num_envs": 128,
        "steps_per_sec": 2857.056186666426,
        "updates_per_sec": 21.32131482586885
    },
    "ablation_5": {
        "device": "cuda:0",
        "num_envs": 128,
        "steps_per_sec": 2679.191740451235,
        "updates_per_sec": 20.264587208827017
    }
}