{
    "ablation_0": {
        "device": "cuda:0",
        "num_envs": 64,
        "steps_per_sec": 289.3613588333749,
        "updates_per_sec": 72.34033970834372
    },
    "ablation_1": {
        "device": "cuda:0",
        "num_envs": 64,
        "steps_per_sec": 294.0152236072076,
        "updates_per_sec": 73.5038059018019
    },
    "ablation_2": {
        "device": "cuda:0",
        "num_envs": 128,
        "steps_per_sec": 292.44318215155624,
        "updates_per_sec": 73.11079553788906
    },
    "ablation_3": {
        "device": "cuda:0",
        "num_envs": 128,
        "steps_per_sec": 460.92663644377603,
        "updates_per_sec": 115.23165911094401
    },
    "ablation_4": {
        "device": "cpu",
        "num_envs": 128,
        "steps_per_sec": 450.95038264323284,
        "updates_per_sec": 112.73759566080821
    },
    "ablation_5": {
        "device": "cuda:0",
        "num_envs": 128,
        "steps_per_sec": 294.9010147520645,
        "updates_per_sec": 73.72525368801612
    }
}