{
    "ablation_0": {
        "device": "cuda:0",
        "num_envs": 128,
        "steps_per_sec": 221.19799467387145,
        "updates_per_sec": 55.29949866846786
    },
    "ablation_1": {
        "device": "cuda:0",
        "num_envs": 128,
        "steps_per_sec": 227.12229354693656,
        "updates_per_sec": 56.78057338673414
    },
    "ablation_2": {
        "device": "cuda:0",
        "num_envs": 12,
        "steps_per_sec": 240.93196869825317,
        "updates_per_sec": 60.23299217456329
    },
    "ablation_3": {
        "device": "cuda:0",
        "num_envs": 128,
        "steps_per_sec": 247.19116141907585,
        "updates_per_sec": 61.79779035476896
    },
    "ablation_4": {
        "device": "cuda:0",
        "num_envs": 64,
        "steps_per_sec": 309.8300150389977,
        "updates_per_sec": 77.45750375974943
    },
    "ablation_5": {
        "device": "cuda:0",
        "num_envs": 128,
        "steps_per_sec": 238.74487203813794,
        "updates_per_sec": 59.686218009534485
    }
}