{
    "ablation_0": {
        "device": "cuda:0",
        "num_envs": 64,
        "steps_per_sec": 235.6069030989428,
        "updates_per_sec": 58.9017257747357
    },
    "ablation_1": {
        "device": "cuda:0",
        "num_envs": 128,
        "steps_per_sec": 247.7153051704309,
        "updates_per_sec": 61.928826292607724
    },
    "ablation_2": {
        "device": "cuda:0",
        "num_envs": 16,
        "steps_per_sec": 259.5069533555216,
        "updates_per_sec": 64.8767383388804
    },
    "ablation_3": {
        "device": "cuda:0",
        "num_envs": 4,
        "steps_per_sec": 284.7671846693539,
        "updates_per_sec": 71.19179616733848
    },
    "ablation_4": {
        "device": "cuda:0",
        "num_envs": 128,
        "steps_per_sec": 323.3293980023151,
        "updates_per_sec": 80.83234950057877
    },
    "ablation_5": {
        "device": "cuda:0",
        "num_envs": 16,
        "steps_per_sec": 258.74856973081427,
        "updates_per_sec": 64.68714243270357
    }
}