{
    "ablation_0": {
        "device": "cuda:0",
        "num_envs": 8,
        "steps_per_sec": 277.14180174605184,
        "updates_per_sec": 69.28545043651296
    },
    "ablation_1": {
        "device": "cuda:0",
        "num_envs": 64,
        "steps_per_sec": 339.1795617479238,
        "updates_per_sec": 84.79489043698095
    },
    "ablation_2": {
        "device": "cuda:0",
        "num_envs": 12,
        "steps_per_sec": 291.79191563785855,
        "updates_per_sec": 72.94797890946464
    },
    "ablation_3": {
        "device": "cuda:0",
        "num_envs": 128,
        "steps_per_sec": 557.9811919754784,
        "updates_per_sec": 139.4952979938696
    },
    "ablation_4": {
        "device": "cuda:0",
        "num_envs": 64,
        "steps_per_sec": 488.5571164092424,
        "updates_per_sec": 122.1392791023106
    },
    "ablation_5": {
        "device": "cuda:0",
        "num_envs": 12,
        "steps_per_sec": 283.7118488402519,
        "updates_per_sec": 70.92796221006297
    }
}