{
    "ablation_0": {
        "device": "cpu",
        "num_envs": 16,
        "steps_per_sec": 3748.307918147905,
        "updates_per_sec": 468.53848976848815
    },
    "ablation_1": {
        "device": "cpu",
        "num_envs": 16,
        "steps_per_sec": 3711.3582973313733,
        "updates_per_sec": 463.91978716642166
    },
    "ablation_2": {
        "device": "cpu",
        "num_envs": 16,
        "steps_per_sec": 3729.866839010146,
        "updates_per_sec": 466.23335487626827
    },
    "ablation_3": {
        "device": "cpu",
        "num_envs": 16,
        "steps_per_sec": 3644.2963166926206,
        "updates_per_sec": 455.5370395865776
    },
    "ablation_4": {
        "device": "cpu",
        "num_envs": 16,
        "steps_per_sec": 5850.084034815573,
        "updates_per_sec": 731.2605043519467
    },
    "ablation_5": {
        "device": "cpu",
        "num_envs": 16,
        "steps_per_sec": 3791.7667869441166,
        "updates_per_sec": 473.9708483680146
    }
}