{
    "ablation_0": {
        "device": "cuda",
        "num_envs": 16,
        "steps_per_sec": 1830.3412913524953,
        "updates_per_sec": 228.79266141906191
    },
    "ablation_1": {
        "device": "cuda",
        "num_envs": 16,
        "steps_per_sec": 1877.1624287542993,
        "updates_per_sec": 234.6453035942874
    },
    "ablation_2": {
        "device": "cuda",
        "num_envs": 16,
        "steps_per_sec": 1923.1886286072756,
        "updates_per_sec": 240.39857857590945
    },
    "ablation_3": {
        "device": "cuda",
        "num_envs": 16,
        "steps_per_sec": 2029.342804519523,
        "updates_per_sec": 253.66785056494038
    },
    "ablation_4": {
        "device": "cpu",
        "num_envs": 16,
        "steps_per_sec": 2682.7442736716616,
        "updates_per_sec": 335.3430342089577
    },
    "ablation_5": {
        "device": "cuda",
        "num_envs": 16,
        "steps_per_sec": 1919.0781405835992,
        "updates_per_sec": 239.8847675729499
    }
}