{
    "ablation_0": {
        "device": "cuda",
        "num_envs": 16,
        "steps_per_sec": 1171.6947896777654,
        "updates_per_sec": 139.44291027315256
    },
    "ablation_1": {
        "device": "cuda",
        "num_envs": 16,
        "steps_per_sec": 1203.2974548215107,
        "updates_per_sec": 143.20393032620217
    },
    "ablation_2": {
        "device": "cuda",
        "num_envs": 16,
        "steps_per_sec": 1329.0641303281805,
        "updates_per_sec": 158.1713701428905
    },
    "ablation_3": {
        "device": "cuda",
        "num_envs": 16,
        "steps_per_sec": 1255.0434992771202,
        "updates_per_sec": 149.36220558489688
    },
    "ablation_4": {
        "device": "cpu",
        "num_envs": 16,
        "steps_per_sec": 2087.558526416491,
        "updates_per_sec": 248.43947319173895
    },
    "ablation_5": {
        "device": "cuda",
        "num_envs": 16,
        "steps_per_sec": 1186.781478228979,
        "updates_per_sec": 141.23837081159576
    }
}