{
    "ablation_0": {
        "device": "cuda",
        "num_envs": 12,
        "steps_per_sec": 565.9513470478686,
        "updates_per_sec": 141.48783676196715
    },
    "ablation_1": {
        "device": "cuda",
        "num_envs": 12,
        "steps_per_sec": 574.2637190256173,
        "updates_per_sec": 143.56592975640433
    },
    "ablation_2": {
        "device": "cuda",
        "num_envs": 16,
        "steps_per_sec": 580.4089405705075,
        "updates_per_sec": 145.10223514262688
    },
    "ablation_3": {
        "device": "cuda",
        "num_envs": 16,
        "steps_per_sec": 619.2826032856091,
        "updates_per_sec": 154.82065082140227
    },
    "ablation_4": {
        "device": "cpu",
        "num_envs": 16,
        "steps_per_sec": 1250.5534256499059,
        "updates_per_sec": 312.63835641247647
    },
    "ablation_5": {
        "device": "cuda",
        "num_envs": 16,
        "steps_per_sec": 581.9566599668237,
        "updates_per_sec": 145.48916499170593
    }
}