{
    "ablation_0": {
        "device": "cpu",
        "num_envs": 16,
        "steps_per_sec": 2660.6807913841117,
        "updates_per_sec": 656.6696202377719
    },
    "ablation_1": {
        "device": "cpu",
        "num_envs": 16,
        "steps_per_sec": 2744.2783771488716,
        "updates_per_sec": 677.3019317404163
    },
    "ablation_2": {
        "device": "cpu",
        "num_envs": 16,
        "steps_per_sec": 2670.3136583421738,
        "updates_per_sec": 659.0470610445142
    },
    "ablation_3": {
        "device": "cpu",
        "num_envs": 16,
        "steps_per_sec": 3338.4162107385846,
        "updates_per_sec": 823.9381861966634
    },
    "ablation_4": {
        "device": "cpu",
        "num_envs": 16,
        "steps_per_sec": 4210.57541894626,
        "updates_per_sec": 1039.1915371041487
    },
    "ablation_5": {
        "device": "cuda",
        "num_envs": 16,
        "steps_per_sec": 2829.0874184241156,
        "updates_per_sec": 698.2332366557921
    }
}