{
    "ablation_0": {
        "device": "cuda",
        "num_envs": 12,
        "steps_per_sec": 194.9285345161183,
        "updates_per_sec": 97.46426725805915
    }
}