{
    "ablation_0": {
        "device": "cuda",
        "num_envs": 128,
        "steps_per_sec": 29284.91302099745,
        "updates_per_sec": 228.78838297654258
    },
    "ablation_1": {
        "device": "cuda",
        "num_envs": 128,
        "steps_per_sec": 29136.8261306821,
        "updates_per_sec": 227.6314541459539
    },
    "ablation_2": {
        "device": "cuda",
        "num_envs": 128,
        "steps_per_sec": 28750.284863693134,
        "updates_per_sec": 223.74591689058545
    },
    "ablation_3": {
        "device": "cuda",
        "num_envs": 128,
        "steps_per_sec": 29140.228531781548,
        "updates_per_sec": 227.12487841296362
    },
    "ablation_4": {
        "device": "cpu",
        "num_envs": 128,
        "steps_per_sec": 38856.799674598115,
        "updates_per_sec": 303.56874745779777
    },
    "ablation_5": {
        "device": "cuda",
        "num_envs": 128,
        "steps_per_sec": 29196.61776063861,
        "updates_per_sec": 228.09857625498915
    }
}