{
    "ablation_0": {
        "device": "cuda",
        "num_envs": 16,
        "steps_per_sec": 648.9358364918576,
        "updates_per_sec": 321.3580020966068
    },
    "ablation_1": {
        "device": "cuda",
        "num_envs": 16,
        "steps_per_sec": 669.3068724014065,
        "updates_per_sec": 331.4458952786518
    },
    "ablation_2": {
        "device": "cuda",
        "num_envs": 16,
        "steps_per_sec": 639.5187460228118,
        "updates_per_sec": 316.6945866886129
    },
    "ablation_3": {
        "device": "cuda",
        "num_envs": 16,
        "steps_per_sec": 948.4937192824365,
        "updates_per_sec": 469.70136258395416
    },
    "ablation_4": {
        "device": "cpu",
        "num_envs": 12,
        "steps_per_sec": 1518.2327650505856,
        "updates_per_sec": 750.014267626908
    },
    "ablation_5": {
        "device": "cuda",
        "num_envs": 12,
        "steps_per_sec": 635.4810758274604,
        "updates_per_sec": 313.93069932963266
    }
}