{
    "ablation_0": {
        "device": "cuda",
        "num_envs": 16,
        "steps_per_sec": 2288.831590972588,
        "updates_per_sec": 283.3617384990025
    },
    "ablation_1": {
        "device": "cuda",
        "num_envs": 16,
        "steps_per_sec": 2367.6210268799837,
        "updates_per_sec": 293.1160216984005
    },
    "ablation_2": {
        "device": "cuda",
        "num_envs": 16,
        "steps_per_sec": 2300.1196465329253,
        "updates_per_sec": 284.7592214158175
    },
    "ablation_3": {
        "device": "cuda",
        "num_envs": 16,
        "steps_per_sec": 3134.2979513805785,
        "updates_per_sec": 388.03209461980003
    },
    "ablation_4": {
        "device": "cpu",
        "num_envs": 16,
        "steps_per_sec": 4577.09959824953,
        "updates_per_sec": 566.6537042561318
    },
    "ablation_5": {
        "device": "cuda",
        "num_envs": 16,
        "steps_per_sec": 2292.5740218285455,
        "updates_per_sec": 283.8250586129589
    }
}