{
    "ablation_0": {
        "device": "cuda",
        "num_envs": 16,
        "steps_per_sec": 3346.5097296976073,
        "updates_per_sec": 825.9357080483712
    },
    "ablation_1": {
        "device": "cuda",
        "num_envs": 16,
        "steps_per_sec": 3581.288644192519,
        "updates_per_sec": 883.880344293521
    },
    "ablation_2": {
        "device": "cuda",
        "num_envs": 16,
        "steps_per_sec": 3384.279859376863,
        "updates_per_sec": 835.2575691273568
    },
    "ablation_3": {
        "device": "cpu",
        "num_envs": 16,
        "steps_per_sec": 8415.110220126164,
        "updates_per_sec": 2076.8922188650035
    },
    "ablation_4": {
        "device": "cpu",
        "num_envs": 16,
        "steps_per_sec": 4565.253648766864,
        "updates_per_sec": 1126.727937275528
    },
    "ablation_5": {
        "device": "cuda",
        "num_envs": 16,
        "steps_per_sec": 3140.58316288572,
        "updates_per_sec": 775.1119786994309
    }
}