{
    "ablation_0": {
        "device": "cpu",
        "num_envs": 16,
        "steps_per_sec": 3457.366246122676,
        "updates_per_sec": 432.1707807653345
    },
    "ablation_1": {
        "device": "cpu",
        "num_envs": 16,
        "steps_per_sec": 3479.6025568755917,
        "updates_per_sec": 434.95031960944897
    },
    "ablation_2": {
        "device": "cpu",
        "num_envs": 16,
        "steps_per_sec": 3476.1116242406474,
        "updates_per_sec": 434.5139530300809
    },
    "ablation_3": {
        "device": "cpu",
        "num_envs": 16,
        "steps_per_sec": 3480.6854005803702,
        "updates_per_sec": 435.0856750725463
    },
    "ablation_4": {
        "device": "cpu",
        "num_envs": 16,
        "steps_per_sec": 4974.818313101865,
        "updates_per_sec": 621.8522891377331
    },
    "ablation_5": {
        "device": "cpu",
        "num_envs": 16,
        "steps_per_sec": 3667.361717570997,
        "updates_per_sec": 458.4202146963746
    }
}