{
    "ablation_0": {
        "device": "cuda",
        "num_envs": 16,
        "steps_per_sec": 1119.8741710534691,
        "updates_per_sec": 133.27575997361575
    },
    "ablation_1": {
        "device": "cuda",
        "num_envs": 16,
        "steps_per_sec": 1208.7962320910467,
        "updates_per_sec": 143.85833752521242
    },
    "ablation_2": {
        "device": "cuda",
        "num_envs": 16,
        "steps_per_sec": 1313.3792783311258,
        "updates_per_sec": 156.30472242119626
    },
    "ablation_3": {
        "device": "cuda",
        "num_envs": 16,
        "steps_per_sec": 1267.673171175948,
        "updates_per_sec": 150.86525759202578
    },
    "ablation_4": {
        "device": "cpu",
        "num_envs": 16,
        "steps_per_sec": 2104.6677399215027,
        "updates_per_sec": 250.47563358490729
    },
    "ablation_5": {
        "device": "cuda",
        "num_envs": 16,
        "steps_per_sec": 1216.2798778339352,
        "updates_per_sec": 144.7489630968501
    }
}