{
    "ablation_0": {
        "device": "cuda",
        "num_envs": 4,
        "steps_per_sec": 391.9070207530094,
        "updates_per_sec": 46.55855406545752
    },
    "ablation_1": {
        "device": "cuda",
        "num_envs": 4,
        "steps_per_sec": 404.11520167538606,
        "updates_per_sec": 48.008885959035865
    },
    "ablation_2": {
        "device": "cuda",
        "num_envs": 4,
        "steps_per_sec": 430.1336037201542,
        "updates_per_sec": 51.09987212195432
    },
    "ablation_3": {
        "device": "cuda",
        "num_envs": 4,
        "steps_per_sec": 410.2329204900052,
        "updates_per_sec": 48.73567095421262
    },
    "ablation_4": {
        "device": "cuda",
        "num_envs": 4,
        "steps_per_sec": 428.7834184029501,
        "updates_per_sec": 50.93947010627047
    },
    "ablation_5": {
        "device": "cuda",
        "num_envs": 4,
        "steps_per_sec": 407.0520608054823,
        "updates_per_sec": 48.3577848236913
    }
}