{
    "ablation_0": {
        "device": "cuda",
        "num_envs": 4,
        "steps_per_sec": 2297.5875986980536,
        "updates_per_sec": 71.79961245931418
    },
    "ablation_1": {
        "device": "cuda",
        "num_envs": 4,
        "steps_per_sec": 2084.0507020967148,
        "updates_per_sec": 65.12658444052234
    },
    "ablation_2": {
        "device": "cuda",
        "num_envs": 4,
        "steps_per_sec": 2223.3904448298745,
        "updates_per_sec": 69.48095140093358
    },
    "ablation_3": {
        "device": "cuda",
        "num_envs": 4,
        "steps_per_sec": 2390.3527869728337,
        "updates_per_sec": 74.69852459290105
    },
    "ablation_4": {
        "device": "cuda",
        "num_envs": 4,
        "steps_per_sec": 2723.695312460365,
        "updates_per_sec": 85.11547851438641
    },
    "ablation_5": {
        "device": "cuda",
        "num_envs": 4,
        "steps_per_sec": 2263.3710100572785,
        "updates_per_sec": 70.73034406428995
    }
}