{
    "ablation_0": {
        "device": "cuda",
        "num_envs": 128,
        "steps_per_sec": 910.7503062010376,
        "updates_per_sec": 227.6875765502594
    },
    "ablation_1": {
        "device": "cuda",
        "num_envs": 128,
        "steps_per_sec": 931.5255182637729,
        "updates_per_sec": 232.88137956594323
    },
    "ablation_2": {
        "device": "cuda",
        "num_envs": 128,
        "steps_per_sec": 951.4272838194547,
        "updates_per_sec": 237.85682095486368
    },
    "ablation_3": {
        "device": "cuda",
        "num_envs": 128,
        "steps_per_sec": 993.4109625691073,
        "updates_per_sec": 248.3527406422768
    },
    "ablation_4": {
        "device": "cpu",
        "num_envs": 128,
        "steps_per_sec": 1191.7986579162728,
        "updates_per_sec": 297.9496644790682
    },
    "ablation_5": {
        "device": "cuda",
        "num_envs": 64,
        "steps_per_sec": 940.395764152457,
        "updates_per_sec": 235.09894103811425
    }
}