{
    "ablation_0": {
        "device": "cuda",
        "num_envs": 16,
        "steps_per_sec": 2341.369770810752,
        "updates_per_sec": 577.8620280994587
    },
    "ablation_1": {
        "device": "cuda",
        "num_envs": 16,
        "steps_per_sec": 2408.5427149322927,
        "updates_per_sec": 594.4406540847272
    },
    "ablation_2": {
        "device": "cuda",
        "num_envs": 16,
        "steps_per_sec": 2158.84682447656,
        "updates_per_sec": 532.8144319195344
    },
    "ablation_3": {
        "device": "cuda",
        "num_envs": 16,
        "steps_per_sec": 2463.9120487980713,
        "updates_per_sec": 608.1060887209297
    },
    "ablation_4": {
        "device": "cpu",
        "num_envs": 12,
        "steps_per_sec": 2931.273614763086,
        "updates_per_sec": 724.0316122796112
    },
    "ablation_5": {
        "device": "cuda",
        "num_envs": 16,
        "steps_per_sec": 2535.1974721738775,
        "updates_per_sec": 625.699695608409
    }
}