{
    "ablation_0": {
        "device": "cpu",
        "num_envs": 16,
        "steps_per_sec": 2141.506319489376,
        "updates_per_sec": 267.688289936172
    },
    "ablation_1": {
        "device": "cpu",
        "num_envs": 16,
        "steps_per_sec": 2150.127753822393,
        "updates_per_sec": 268.76596922779913
    },
    "ablation_2": {
        "device": "cpu",
        "num_envs": 16,
        "steps_per_sec": 2198.1619908841953,
        "updates_per_sec": 274.7702488605244
    },
    "ablation_3": {
        "device": "cpu",
        "num_envs": 16,
        "steps_per_sec": 2129.1346563452244,
        "updates_per_sec": 266.14183204315304
    },
    "ablation_4": {
        "device": "cpu",
        "num_envs": 16,
        "steps_per_sec": 3008.7978624250854,
        "updates_per_sec": 376.0997328031357
    },
    "ablation_5": {
        "device": "cpu",
        "num_envs": 16,
        "steps_per_sec": 2205.265680077754,
        "updates_per_sec": 275.65821000971926
    }
}