{
    "ablation_0": {
        "device": "cuda",
        "num_envs": 128,
        "steps_per_sec": 943.192076516086,
        "updates_per_sec": 235.7980191290215
    },
    "ablation_1": {
        "device": "cuda",
        "num_envs": 128,
        "steps_per_sec": 1034.8101948493768,
        "updates_per_sec": 258.7025487123442
    },
    "ablation_2": {
        "device": "cuda",
        "num_envs": 128,
        "steps_per_sec": 992.8066163824425,
        "updates_per_sec": 248.20165409561062
    },
    "ablation_3": {
        "device": "cuda",
        "num_envs": 64,
        "steps_per_sec": 1689.1026757245838,
        "updates_per_sec": 422.27566893114596
    },
    "ablation_4": {
        "device": "cpu",
        "num_envs": 128,
        "steps_per_sec": 1645.5982485548498,
        "updates_per_sec": 411.39956213871244
    },
    "ablation_5": {
        "device": "cuda",
        "num_envs": 64,
        "steps_per_sec": 964.7752150808096,
        "updates_per_sec": 241.1938037702024
    }
}