{
    "ablation_0": {
        "device": "cuda",
        "num_envs": 16,
        "steps_per_sec": 8217.713269459817,
        "updates_per_sec": 64.20088491765482
    },
    "ablation_1": {
        "device": "cuda",
        "num_envs": 16,
        "steps_per_sec": 8314.43576299322,
        "updates_per_sec": 64.95652939838453
    },
    "ablation_2": {
        "device": "cuda",
        "num_envs": 16,
        "steps_per_sec": 8295.934953193766,
        "updates_per_sec": 64.8119918218263
    },
    "ablation_3": {
        "device": "cuda",
        "num_envs": 16,
        "steps_per_sec": 8242.39404700791,
        "updates_per_sec": 64.3937034922493
    },
    "ablation_4": {
        "device": "cpu",
        "num_envs": 16,
        "steps_per_sec": 9968.764214301049,
        "updates_per_sec": 77.88097042422694
    },
    "ablation_5": {
        "device": "cuda",
        "num_envs": 16,
        "steps_per_sec": 8356.930825197263,
        "updates_per_sec": 65.28852207185362
    }
}