{
    "ablation_0": {
        "device": "cuda",
        "num_envs": 8,
        "steps_per_sec": 175.1199800145552,
        "updates_per_sec": 87.5599900072776
    },
    "ablation_1": {
        "device": "cuda",
        "num_envs": 12,
        "steps_per_sec": 183.35301239718927,
        "updates_per_sec": 91.67650619859464
    },
    "ablation_2": {
        "device": "cuda",
        "num_envs": 4,
        "steps_per_sec": 193.10372260786966,
        "updates_per_sec": 96.55186130393483
    },
    "ablation_3": {
        "device": "cuda",
        "num_envs": 16,
        "steps_per_sec": 185.60173904634638,
        "updates_per_sec": 92.80086952317319
    },
    "ablation_4": {
        "device": "cpu",
        "num_envs": 16,
        "steps_per_sec": 254.75693899409777,
        "updates_per_sec": 127.37846949704888
    },
    "ablation_5": {
        "device": "cuda",
        "num_envs": 16,
        "steps_per_sec": 199.21103634904264,
        "updates_per_sec": 99.60551817452132
    }
}