{
    "ablation_0": {
        "device": "cuda",
        "num_envs": 12,
        "steps_per_sec": 1899.5409069772115,
        "updates_per_sec": 234.5955796386724
    },
    "ablation_1": {
        "device": "cuda",
        "num_envs": 16,
        "steps_per_sec": 1946.1464983106896,
        "updates_per_sec": 240.9366671231285
    },
    "ablation_2": {
        "device": "cuda",
        "num_envs": 12,
        "steps_per_sec": 1910.7357481141903,
        "updates_per_sec": 235.97815594216019
    },
    "ablation_3": {
        "device": "cuda",
        "num_envs": 16,
        "steps_per_sec": 2503.5329345413975,
        "updates_per_sec": 309.94217640089187
    },
    "ablation_4": {
        "device": "cuda",
        "num_envs": 12,
        "steps_per_sec": 2878.2705738988384,
        "updates_per_sec": 355.4698670402642
    },
    "ablation_5": {
        "device": "cuda",
        "num_envs": 16,
        "steps_per_sec": 1896.2233225885573,
        "updates_per_sec": 234.75608226935014
    }
}