{
    "ablation_0": {
        "device": "cuda",
        "num_envs": 16,
        "steps_per_sec": 1065.6316927127843,
        "updates_per_sec": 126.8203851551157
    },
    "ablation_1": {
        "device": "cuda",
        "num_envs": 16,
        "steps_per_sec": 1111.9893698322192,
        "updates_per_sec": 132.33739305511233
    },
    "ablation_2": {
        "device": "cuda",
        "num_envs": 16,
        "steps_per_sec": 1197.0783772678442,
        "updates_per_sec": 142.46380048954376
    },
    "ablation_3": {
        "device": "cuda",
        "num_envs": 12,
        "steps_per_sec": 1139.7933497247357,
        "updates_per_sec": 135.52698702762146
    },
    "ablation_4": {
        "device": "cpu",
        "num_envs": 16,
        "steps_per_sec": 1312.461966980186,
        "updates_per_sec": 156.19555357831288
    },
    "ablation_5": {
        "device": "cuda",
        "num_envs": 16,
        "steps_per_sec": 1112.696702784905,
        "updates_per_sec": 132.42157245603102
    }
}