{
    "ablation_0": {
        "device": "cuda",
        "num_envs": 16,
        "steps_per_sec": 1083.8128484487238,
        "updates_per_sec": 128.98411694797113
    },
    "ablation_1": {
        "device": "cuda",
        "num_envs": 16,
        "steps_per_sec": 1120.0555857008787,
        "updates_per_sec": 133.297350055456
    },
    "ablation_2": {
        "device": "cuda",
        "num_envs": 16,
        "steps_per_sec": 1233.7631606027956,
        "updates_per_sec": 146.82964131774483
    },
    "ablation_3": {
        "device": "cuda",
        "num_envs": 16,
        "steps_per_sec": 1147.527567988787,
        "updates_per_sec": 136.5667792574515
    },
    "ablation_4": {
        "device": "cuda",
        "num_envs": 16,
        "steps_per_sec": 1343.7090224255637,
        "updates_per_sec": 159.91425266885702
    },
    "ablation_5": {
        "device": "cuda",
        "num_envs": 12,
        "steps_per_sec": 1089.3820551710114,
        "updates_per_sec": 129.53283829471457
    }
}