{
    "ablation_0": {
        "device": "cuda",
        "num_envs": 128,
        "steps_per_sec": 10180.575356403036,
        "updates_per_sec": 78.80361677550466
    },
    "ablation_1": {
        "device": "cuda",
        "num_envs": 128,
        "steps_per_sec": 10226.394403502929,
        "updates_per_sec": 79.89370627736663
    },
    "ablation_2": {
        "device": "cuda",
        "num_envs": 128,
        "steps_per_sec": 10147.515723008317,
        "updates_per_sec": 78.54771584755392
    },
    "ablation_3": {
        "device": "cuda",
        "num_envs": 128,
        "steps_per_sec": 10207.964307266106,
        "updates_per_sec": 79.74972115051645
    },
    "ablation_4": {
        "device": "cuda",
        "num_envs": 128,
        "steps_per_sec": 11020.076900694052,
        "updates_per_sec": 85.29471285366913
    },
    "ablation_5": {
        "device": "cuda",
        "num_envs": 128,
        "steps_per_sec": 10178.375198376234,
        "updates_per_sec": 78.78658626358173
    }
}