{
    "ablation_0": {
        "device": "cuda",
        "num_envs": 12,
        "steps_per_sec": 624.8036640340025,
        "updates_per_sec": 308.65600669305644
    },
    "ablation_1": {
        "device": "cuda",
        "num_envs": 16,
        "steps_per_sec": 638.1791675663578,
        "updates_per_sec": 316.03121716544877
    },
    "ablation_2": {
        "device": "cuda",
        "num_envs": 12,
        "steps_per_sec": 636.4960417439418,
        "updates_per_sec": 314.4320973603165
    },
    "ablation_3": {
        "device": "cuda",
        "num_envs": 16,
        "steps_per_sec": 894.4148951381559,
        "updates_per_sec": 442.921114205796
    },
    "ablation_4": {
        "device": "cuda",
        "num_envs": 12,
        "steps_per_sec": 1200.0016246790208,
        "updates_per_sec": 592.8065579949119
    },
    "ablation_5": {
        "device": "cuda",
        "num_envs": 12,
        "steps_per_sec": 631.9310216169858,
        "updates_per_sec": 312.1769555230194
    }
}