{
    "ablation_0": {
        "device": "cuda",
        "num_envs": 16,
        "steps_per_sec": 2305.9733590486053,
        "updates_per_sec": 569.1260127364369
    },
    "ablation_1": {
        "device": "cuda",
        "num_envs": 16,
        "steps_per_sec": 2336.5174336063765,
        "updates_per_sec": 576.6644464731393
    },
    "ablation_2": {
        "device": "cuda",
        "num_envs": 16,
        "steps_per_sec": 2143.521926401484,
        "updates_per_sec": 529.0321687364684
    },
    "ablation_3": {
        "device": "cuda",
        "num_envs": 16,
        "steps_per_sec": 2461.3603455102566,
        "updates_per_sec": 607.4763153056465
    },
    "ablation_4": {
        "device": "cpu",
        "num_envs": 16,
        "steps_per_sec": 3009.4066270609815,
        "updates_per_sec": 742.7369391069035
    },
    "ablation_5": {
        "device": "cuda",
        "num_envs": 16,
        "steps_per_sec": 2490.148144855097,
        "updates_per_sec": 614.5812913420327
    }
}