{
    "ablation_0": {
        "device": "cuda",
        "num_envs": 16,
        "steps_per_sec": 2092.193276339156,
        "updates_per_sec": 259.01753820492746
    },
    "ablation_1": {
        "device": "cuda",
        "num_envs": 12,
        "steps_per_sec": 2168.9570930186055,
        "updates_per_sec": 267.86880165577503
    },
    "ablation_2": {
        "device": "cuda",
        "num_envs": 16,
        "steps_per_sec": 2130.6696285963353,
        "updates_per_sec": 263.78098437095207
    },
    "ablation_3": {
        "device": "cuda",
        "num_envs": 16,
        "steps_per_sec": 2934.6942971708,
        "updates_per_sec": 363.3207796018163
    },
    "ablation_4": {
        "device": "cpu",
        "num_envs": 16,
        "steps_per_sec": 3534.0915266733373,
        "updates_per_sec": 437.5273056185042
    },
    "ablation_5": {
        "device": "cuda",
        "num_envs": 16,
        "steps_per_sec": 2112.8570929080474,
        "updates_per_sec": 261.5757583073062
    }
}