{
    "ablation_0": {
        "device": "cuda",
        "num_envs": 12,
        "steps_per_sec": 2296.1344919743096,
        "updates_per_sec": 567.1507258353811
    },
    "ablation_1": {
        "device": "cuda",
        "num_envs": 16,
        "steps_per_sec": 2504.7228772742606,
        "updates_per_sec": 618.1784098065068
    },
    "ablation_2": {
        "device": "cuda",
        "num_envs": 16,
        "steps_per_sec": 2446.337347152499,
        "updates_per_sec": 603.768562516072
    },
    "ablation_3": {
        "device": "cuda",
        "num_envs": 16,
        "steps_per_sec": 4926.597229059807,
        "updates_per_sec": 1215.9093800155597
    },
    "ablation_4": {
        "device": "cpu",
        "num_envs": 16,
        "steps_per_sec": 3047.176954980858,
        "updates_per_sec": 752.0588491126879
    },
    "ablation_5": {
        "device": "cuda",
        "num_envs": 16,
        "steps_per_sec": 2605.055020601007,
        "updates_per_sec": 642.9408956595138
    }
}