{
    "ablation_0": {
        "device": "cpu",
        "num_envs": 16,
        "steps_per_sec": 2207.9923769407096,
        "updates_per_sec": 275.9990471175887
    },
    "ablation_1": {
        "device": "cpu",
        "num_envs": 16,
        "steps_per_sec": 2258.9058592044903,
        "updates_per_sec": 282.3632324005613
    },
    "ablation_2": {
        "device": "cuda",
        "num_envs": 16,
        "steps_per_sec": 2201.399882349292,
        "updates_per_sec": 275.1749852936615
    },
    "ablation_3": {
        "device": "cpu",
        "num_envs": 16,
        "steps_per_sec": 2151.983390089616,
        "updates_per_sec": 268.997923761202
    },
    "ablation_4": {
        "device": "cpu",
        "num_envs": 16,
        "steps_per_sec": 3457.368529704472,
        "updates_per_sec": 432.171066213059
    },
    "ablation_5": {
        "device": "cpu",
        "num_envs": 16,
        "steps_per_sec": 2317.828084577285,
        "updates_per_sec": 289.72851057216064
    }
}