{
    "ablation_0": {
        "device": "cpu",
        "num_envs": 16,
        "steps_per_sec": 1363.9464778131637,
        "updates_per_sec": 170.49330972664546
    },
    "ablation_1": {
        "device": "cpu",
        "num_envs": 16,
        "steps_per_sec": 1386.0006664570474,
        "updates_per_sec": 173.25008330713092
    },
    "ablation_2": {
        "device": "cpu",
        "num_envs": 16,
        "steps_per_sec": 1343.5550267797048,
        "updates_per_sec": 167.9443783474631
    },
    "ablation_3": {
        "device": "cpu",
        "num_envs": 16,
        "steps_per_sec": 1350.922250031873,
        "updates_per_sec": 168.86528125398414
    },
    "ablation_4": {
        "device": "cpu",
        "num_envs": 16,
        "steps_per_sec": 1986.1019652273174,
        "updates_per_sec": 248.26274565341467
    },
    "ablation_5": {
        "device": "cpu",
        "num_envs": 16,
        "steps_per_sec": 1410.2134814017268,
        "updates_per_sec": 176.27668517521585
    }
}