{
    "ablation_0": {
        "device": "cuda",
        "num_envs": 16,
        "steps_per_sec": 2115.7083848031334,
        "updates_per_sec": 261.9287537096531
    },
    "ablation_1": {
        "device": "cuda",
        "num_envs": 16,
        "steps_per_sec": 2223.9688499353088,
        "updates_per_sec": 275.33160682106455
    },
    "ablation_2": {
        "device": "cuda",
        "num_envs": 12,
        "steps_per_sec": 2190.6620559178714,
        "updates_per_sec": 270.54939059896975
    },
    "ablation_3": {
        "device": "cuda",
        "num_envs": 16,
        "steps_per_sec": 2948.689811003761,
        "updates_per_sec": 365.0534510427979
    },
    "ablation_4": {
        "device": "cuda",
        "num_envs": 16,
        "steps_per_sec": 3416.9738378344614,
        "updates_per_sec": 423.0279112334996
    },
    "ablation_5": {
        "device": "cuda",
        "num_envs": 12,
        "steps_per_sec": 2106.436273627697,
        "updates_per_sec": 260.14740549598656
    }
}