{
    "ablation_0": {
        "device": "cuda",
        "num_envs": 16,
        "steps_per_sec": 533.7857192229469,
        "updates_per_sec": 133.44642980573673
    },
    "ablation_1": {
        "device": "cuda",
        "num_envs": 16,
        "steps_per_sec": 541.7746056943314,
        "updates_per_sec": 135.44365142358285
    },
    "ablation_2": {
        "device": "cuda",
        "num_envs": 8,
        "steps_per_sec": 538.8104779917396,
        "updates_per_sec": 134.7026194979349
    },
    "ablation_3": {
        "device": "cuda",
        "num_envs": 16,
        "steps_per_sec": 568.5707705962171,
        "updates_per_sec": 142.14269264905428
    },
    "ablation_4": {
        "device": "cpu",
        "num_envs": 16,
        "steps_per_sec": 928.122458530902,
        "updates_per_sec": 232.0306146327255
    },
    "ablation_5": {
        "device": "cuda",
        "num_envs": 16,
        "steps_per_sec": 560.6017687570335,
        "updates_per_sec": 140.15044218925837
    }
}