{
    "ablation_0": {
        "device": "cuda",
        "num_envs": 16,
        "steps_per_sec": 2478.9691905524523,
        "updates_per_sec": 611.8222682753257
    },
    "ablation_1": {
        "device": "cuda",
        "num_envs": 16,
        "steps_per_sec": 2533.123371896648,
        "updates_per_sec": 625.1877970575594
    },
    "ablation_2": {
        "device": "cuda",
        "num_envs": 16,
        "steps_per_sec": 2401.7574824685476,
        "updates_per_sec": 592.7660240277805
    },
    "ablation_3": {
        "device": "cuda",
        "num_envs": 16,
        "steps_per_sec": 2883.5937525697254,
        "updates_per_sec": 711.6856785495568
    },
    "ablation_4": {
        "device": "cpu",
        "num_envs": 16,
        "steps_per_sec": 3705.2822146731123,
        "updates_per_sec": 914.4825913210797
    },
    "ablation_5": {
        "device": "cuda",
        "num_envs": 16,
        "steps_per_sec": 2682.896709928356,
        "updates_per_sec": 662.1526224982923
    }
}