{
    "ablation_0": {
        "device": "cuda",
        "num_envs": 128,
        "steps_per_sec": 24546.74385344425,
        "updates_per_sec": 191.77143635503322
    },
    "ablation_1": {
        "device": "cuda",
        "num_envs": 128,
        "steps_per_sec": 24755.13743790225,
        "updates_per_sec": 193.06617874268818
    },
    "ablation_2": {
        "device": "cuda",
        "num_envs": 128,
        "steps_per_sec": 24984.909003485584,
        "updates_per_sec": 195.19460158973112
    },
    "ablation_3": {
        "device": "cuda",
        "num_envs": 128,
        "steps_per_sec": 24549.2288036507,
        "updates_per_sec": 191.7908500285211
    },
    "ablation_4": {
        "device": "cuda",
        "num_envs": 128,
        "steps_per_sec": 31466.518660549307,
        "updates_per_sec": 245.83217703554146
    },
    "ablation_5": {
        "device": "cuda",
        "num_envs": 128,
        "steps_per_sec": 24771.24782714773,
        "updates_per_sec": 193.52537364959164
    }
}