{
    "ablation_0": {
        "device": "cuda",
        "num_envs": 12,
        "steps_per_sec": 636.5428924295959,
        "updates_per_sec": 314.4552418237333
    },
    "ablation_1": {
        "device": "cuda",
        "num_envs": 12,
        "steps_per_sec": 654.5498857844088,
        "updates_per_sec": 323.35078290548734
    },
    "ablation_2": {
        "device": "cuda",
        "num_envs": 16,
        "steps_per_sec": 624.3666455810529,
        "updates_per_sec": 309.19115036761406
    },
    "ablation_3": {
        "device": "cuda",
        "num_envs": 12,
        "steps_per_sec": 910.8646111021661,
        "updates_per_sec": 449.97148653967923
    },
    "ablation_4": {
        "device": "cpu",
        "num_envs": 16,
        "steps_per_sec": 1321.1417487301078,
        "updates_per_sec": 654.239524131523
    },
    "ablation_5": {
        "device": "cuda",
        "num_envs": 16,
        "steps_per_sec": 636.7157536347687,
        "updates_per_sec": 315.3065233654605
    }
}