{
    "ablation_0": {
        "device": "cpu",
        "num_envs": 16,
        "steps_per_sec": 1372.2465444405311,
        "updates_per_sec": 171.5308180550664
    },
    "ablation_1": {
        "device": "cpu",
        "num_envs": 16,
        "steps_per_sec": 1359.2599537326314,
        "updates_per_sec": 169.90749421657893
    },
    "ablation_2": {
        "device": "cpu",
        "num_envs": 16,
        "steps_per_sec": 1408.2211361440275,
        "updates_per_sec": 176.02764201800343
    },
    "ablation_3": {
        "device": "cpu",
        "num_envs": 8,
        "steps_per_sec": 1362.2744078524076,
        "updates_per_sec": 170.28430098155096
    },
    "ablation_4": {
        "device": "cpu",
        "num_envs": 16,
        "steps_per_sec": 2177.7757265912387,
        "updates_per_sec": 272.22196582390484
    },
    "ablation_5": {
        "device": "cpu",
        "num_envs": 16,
        "steps_per_sec": 1354.9383674810115,
        "updates_per_sec": 169.36729593512644
    }
}