{
    "ablation_0": {
        "device": "cuda",
        "num_envs": 16,
        "steps_per_sec": 3191.382679232612,
        "updates_per_sec": 787.6495590118827
    },
    "ablation_1": {
        "device": "cuda",
        "num_envs": 16,
        "steps_per_sec": 3365.385063575191,
        "updates_per_sec": 830.5942369366885
    },
    "ablation_2": {
        "device": "cuda",
        "num_envs": 16,
        "steps_per_sec": 3259.115511612604,
        "updates_per_sec": 804.3663682813855
    },
    "ablation_3": {
        "device": "cuda",
        "num_envs": 16,
        "steps_per_sec": 6761.254505850774,
        "updates_per_sec": 1668.7121743673235
    },
    "ablation_4": {
        "device": "cuda",
        "num_envs": 16,
        "steps_per_sec": 4005.683345989506,
        "updates_per_sec": 988.6231261268031
    },
    "ablation_5": {
        "device": "cuda",
        "num_envs": 12,
        "steps_per_sec": 3068.944588700279,
        "updates_per_sec": 758.0366729883184
    }
}