{
    "ablation_0": {
        "device": "cuda",
        "num_envs": 128,
        "steps_per_sec": 1109.5972478236783,
        "updates_per_sec": 277.3993119559196
    },
    "ablation_1": {
        "device": "cuda",
        "num_envs": 128,
        "steps_per_sec": 1150.551956732464,
        "updates_per_sec": 287.637989183116
    },
    "ablation_2": {
        "device": "cuda",
        "num_envs": 128,
        "steps_per_sec": 1198.6608511849545,
        "updates_per_sec": 299.6652127962386
    },
    "ablation_3": {
        "device": "cuda",
        "num_envs": 64,
        "steps_per_sec": 1243.452673632979,
        "updates_per_sec": 310.86316840824475
    },
    "ablation_4": {
        "device": "cuda",
        "num_envs": 128,
        "steps_per_sec": 1468.4895578665203,
        "updates_per_sec": 367.12238946663007
    },
    "ablation_5": {
        "device": "cuda",
        "num_envs": 128,
        "steps_per_sec": 1145.5765689629523,
        "updates_per_sec": 286.39414224073806
    }
}