{
    "ablation_0": {
        "device": "cuda",
        "num_envs": 16,
        "steps_per_sec": 1358.555469160803,
        "updates_per_sec": 169.8194336451004
    },
    "ablation_1": {
        "device": "cuda",
        "num_envs": 16,
        "steps_per_sec": 1418.2427593579046,
        "updates_per_sec": 177.28034491973807
    }
}