{
    "ablation_0": {
        "device": "cpu",
        "num_envs": 1,
        "steps_per_sec": 45.040024804623954,
        "updates_per_sec": 22.520012402311977
    }
}