{
    "ablation_0": {
        "device": "cpu",
        "num_envs": 4,
        "steps_per_sec": 118.08633704122144,
        "updates_per_sec": 58.334650498363395
    },
    "ablation_1": {
        "device": "cpu",
        "num_envs": 4,
        "steps_per_sec": 121.74900948510468,
        "updates_per_sec": 60.14401068564171
    },
    "ablation_2": {
        "device": "cpu",
        "num_envs": 4,
        "steps_per_sec": 118.66128180021998,
        "updates_per_sec": 58.618673209308675
    },
    "ablation_3": {
        "device": "cpu",
        "num_envs": 4,
        "steps_per_sec": 182.40647379323815,
        "updates_per_sec": 90.10879805385964
    },
    "ablation_4": {
        "device": "cpu",
        "num_envs": 8,
        "steps_per_sec": 365.62673015034835,
        "updates_per_sec": 180.76585538633222
    },
    "ablation_5": {
        "device": "cpu",
        "num_envs": 4,
        "steps_per_sec": 120.8408013288367,
        "updates_per_sec": 59.69535585644533
    }
}