{
    "ablation_0": {
        "device": "cpu",
        "num_envs": 16,
        "steps_per_sec": 598.1843746650264,
        "updates_per_sec": 147.63496147882842
    },
    "ablation_1": {
        "device": "cpu",
        "num_envs": 16,
        "steps_per_sec": 588.9673262666104,
        "updates_per_sec": 145.36014681819697
    },
    "ablation_2": {
        "device": "cpu",
        "num_envs": 16,
        "steps_per_sec": 591.1933535973601,
        "updates_per_sec": 145.90954174247946
    },
    "ablation_3": {
        "device": "cpu",
        "num_envs": 12,
        "steps_per_sec": 739.580433095946,
        "updates_per_sec": 182.67814054887876
    },
    "ablation_4": {
        "device": "cpu",
        "num_envs": 16,
        "steps_per_sec": 929.8183079048885,
        "updates_per_sec": 229.4839114557592
    },
    "ablation_5": {
        "device": "cpu",
        "num_envs": 16,
        "steps_per_sec": 632.0039222918051,
        "updates_per_sec": 155.98179871259407
    }
}