{
    "ablation_0": {
        "device": "cpu",
        "num_envs": 16,
        "steps_per_sec": 694.2980706746325,
        "updates_per_sec": 171.35631297001714
    },
    "ablation_1": {
        "device": "cpu",
        "num_envs": 12,
        "steps_per_sec": 729.166045203972,
        "updates_per_sec": 180.10576176500987
    },
    "ablation_2": {
        "device": "cpu",
        "num_envs": 12,
        "steps_per_sec": 667.0204232545044,
        "updates_per_sec": 164.75564411322293
    },
    "ablation_3": {
        "device": "cpu",
        "num_envs": 16,
        "steps_per_sec": 1874.2276306304368,
        "updates_per_sec": 462.5689599559145
    },
    "ablation_4": {
        "device": "cpu",
        "num_envs": 16,
        "steps_per_sec": 1123.4836798594722,
        "updates_per_sec": 277.2815152368825
    },
    "ablation_5": {
        "device": "cpu",
        "num_envs": 12,
        "steps_per_sec": 694.7134510116944,
        "updates_per_sec": 171.59588837938736
    }
}