{
    "ablation_0": {
        "device": "cpu",
        "num_envs": 12,
        "steps_per_sec": 182.68847739712714,
        "updates_per_sec": 45.672119349281786
    },
    "ablation_1": {
        "device": "cuda",
        "num_envs": 128,
        "steps_per_sec": 172.54969384081193,
        "updates_per_sec": 43.13742346020298
    },
    "ablation_2": {
        "device": "cuda",
        "num_envs": 64,
        "steps_per_sec": 174.3272499241486,
        "updates_per_sec": 43.58181248103715
    },
    "ablation_3": {
        "device": "cpu",
        "num_envs": 16,
        "steps_per_sec": 206.0327919722044,
        "updates_per_sec": 51.5081979930511
    },
    "ablation_4": {
        "device": "cpu",
        "num_envs": 128,
        "steps_per_sec": 371.0389203117935,
        "updates_per_sec": 92.75973007794838
    },
    "ablation_5": {
        "device": "cpu",
        "num_envs": 16,
        "steps_per_sec": 188.36049110960354,
        "updates_per_sec": 47.090122777400886
    }
}