{
    "ablation_0": {
        "device": "cuda",
        "num_envs": 16,
        "steps_per_sec": 341.0117615733048,
        "updates_per_sec": 42.6264701966631
    },
    "ablation_1": {
        "device": "cuda",
        "num_envs": 12,
        "steps_per_sec": 376.79287365611776,
        "updates_per_sec": 47.09910920701472
    },
    "ablation_2": {
        "device": "cuda",
        "num_envs": 16,
        "steps_per_sec": 355.9090467102388,
        "updates_per_sec": 44.48863083877985
    },
    "ablation_3": {
        "device": "cuda",
        "num_envs": 16,
        "steps_per_sec": 641.4675340105942,
        "updates_per_sec": 80.18344175132428
    },
    "ablation_4": {
        "device": "cpu",
        "num_envs": 16,
        "steps_per_sec": 828.5389586887499,
        "updates_per_sec": 103.56736983609373
    },
    "ablation_5": {
        "device": "cuda",
        "num_envs": 16,
        "steps_per_sec": 355.3191385721397,
        "updates_per_sec": 44.41489232151746
    }
}