{
    "ablation_0": {
        "device": "cpu",
        "num_envs": 16,
        "steps_per_sec": 210.65917436057168,
        "updates_per_sec": 25.070460846425863
    },
    "ablation_1": {
        "device": "cpu",
        "num_envs": 16,
        "steps_per_sec": 187.46725744451217,
        "updates_per_sec": 22.310400446671178
    },
    "ablation_2": {
        "device": "cuda",
        "num_envs": 16,
        "steps_per_sec": 223.796666814834,
        "updates_per_sec": 26.633948366941105
    },
    "ablation_3": {
        "device": "cpu",
        "num_envs": 12,
        "steps_per_sec": 234.42330378578222,
        "updates_per_sec": 27.874073891394968
    },
    "ablation_4": {
        "device": "cpu",
        "num_envs": 16,
        "steps_per_sec": 479.0509827717183,
        "updates_per_sec": 57.011658492800336
    },
    "ablation_5": {
        "device": "cpu",
        "num_envs": 12,
        "steps_per_sec": 216.82028684355754,
        "updates_per_sec": 25.78098934290902
    }
}