{
    "ablation_0": {
        "device": "cpu",
        "num_envs": 16,
        "steps_per_sec": 404.1883040923069,
        "updates_per_sec": 50.03928684848848
    },
    "ablation_1": {
        "device": "cpu",
        "num_envs": 16,
        "steps_per_sec": 417.87206595117857,
        "updates_per_sec": 51.73336279747019
    },
    "ablation_2": {
        "device": "cpu",
        "num_envs": 16,
        "steps_per_sec": 410.81803628148975,
        "updates_per_sec": 50.86006040226111
    },
    "ablation_3": {
        "device": "cpu",
        "num_envs": 16,
        "steps_per_sec": 618.004356172375,
        "updates_per_sec": 76.51012396702725
    },
    "ablation_4": {
        "device": "cpu",
        "num_envs": 16,
        "steps_per_sec": 1072.2084220818106,
        "updates_per_sec": 132.74145800533597
    },
    "ablation_5": {
        "device": "cpu",
        "num_envs": 16,
        "steps_per_sec": 414.8501167343209,
        "updates_per_sec": 51.35923969154932
    }
}