{
    "ablation_0": {
        "device": "cpu",
        "num_envs": 16,
        "steps_per_sec": 248.24998348055303,
        "updates_per_sec": 31.03124793506913
    }
}