{
    "ablation_0": {
        "device": "cuda",
        "num_envs": 4,
        "steps_per_sec": 241.53073670266164,
        "updates_per_sec": 7.547835521958176
    },
    "ablation_1": {
        "device": "cuda",
        "num_envs": 4,
        "steps_per_sec": 240.918744279188,
        "updates_per_sec": 7.528710758724625
    },
    "ablation_2": {
        "device": "cuda",
        "num_envs": 4,
        "steps_per_sec": 118.72240531981166,
        "updates_per_sec": 3.7100751662441143
    },
    "ablation_3": {
        "device": "cuda",
        "num_envs": 4,
        "steps_per_sec": 242.8623995063174,
        "updates_per_sec": 7.589449984572418
    },
    "ablation_4": {
        "device": "cuda",
        "num_envs": 4,
        "steps_per_sec": 275.2945340211939,
        "updates_per_sec": 8.60295418816231
    },
    "ablation_5": {
        "device": "cuda",
        "num_envs": 4,
        "steps_per_sec": 240.6596730410328,
        "updates_per_sec": 7.520614782532275
    }
}