{
    "ablation_0": {
        "device": "cpu",
        "num_envs": 12,
        "steps_per_sec": 135.1799484149315,
        "updates_per_sec": 16.897493551866436
    },
    "ablation_1": {
        "device": "cpu",
        "num_envs": 16,
        "steps_per_sec": 152.9351219703185,
        "updates_per_sec": 19.116890246289813
    },
    "ablation_2": {
        "device": "cpu",
        "num_envs": 12,
        "steps_per_sec": 142.09450653167585,
        "updates_per_sec": 17.76181331645948
    },
    "ablation_3": {
        "device": "cpu",
        "num_envs": 8,
        "steps_per_sec": 254.82754564544092,
        "updates_per_sec": 31.853443205680115
    },
    "ablation_4": {
        "device": "cpu",
        "num_envs": 16,
        "steps_per_sec": 555.0302577428647,
        "updates_per_sec": 69.37878221785809
    },
    "ablation_5": {
        "device": "cpu",
        "num_envs": 16,
        "steps_per_sec": 142.2131643587004,
        "updates_per_sec": 17.77664554483755
    }
}