{
    "ablation_0": {
        "device": "cpu",
        "num_envs": 12,
        "steps_per_sec": 36.986746127317794,
        "updates_per_sec": 9.246686531829448
    },
    "ablation_1": {
        "device": "cpu",
        "num_envs": 1,
        "steps_per_sec": 34.87878132572168,
        "updates_per_sec": 8.71969533143042
    },
    "ablation_2": {
        "device": "cpu",
        "num_envs": 8,
        "steps_per_sec": 37.065122251224814,
        "updates_per_sec": 9.266280562806203
    },
    "ablation_3": {
        "device": "cpu",
        "num_envs": 8,
        "steps_per_sec": 38.32215448807857,
        "updates_per_sec": 9.580538622019642
    },
    "ablation_4": {
        "device": "cpu",
        "num_envs": 12,
        "steps_per_sec": 197.10099065510556,
        "updates_per_sec": 49.27524766377639
    },
    "ablation_5": {
        "device": "cpu",
        "num_envs": 8,
        "steps_per_sec": 38.44355904807748,
        "updates_per_sec": 9.61088976201937
    }
}