{
    "ablation_0": {
        "device": "cuda",
        "num_envs": 12,
        "steps_per_sec": 342.70654714213026,
        "updates_per_sec": 42.32466949117436
    },
    "ablation_1": {
        "device": "cuda",
        "num_envs": 12,
        "steps_per_sec": 358.0147937096047,
        "updates_per_sec": 44.21525629746917
    },
    "ablation_2": {
        "device": "cuda",
        "num_envs": 12,
        "steps_per_sec": 350.64426154851355,
        "updates_per_sec": 43.30498673800587
    },
    "ablation_3": {
        "device": "cpu",
        "num_envs": 16,
        "steps_per_sec": 498.27058689377697,
        "updates_per_sec": 61.68685380873437
    },
    "ablation_4": {
        "device": "cpu",
        "num_envs": 16,
        "steps_per_sec": 903.4779857325395,
        "updates_per_sec": 111.85230654037031
    },
    "ablation_5": {
        "device": "cuda",
        "num_envs": 12,
        "steps_per_sec": 342.8475090989784,
        "updates_per_sec": 42.34207846186423
    }
}