{
    "ablation_0": {
        "device": "cpu",
        "num_envs": 16,
        "steps_per_sec": 554.6309487068307,
        "updates_per_sec": 69.32886858835384
    },
    "ablation_1": {
        "device": "cpu",
        "num_envs": 16,
        "steps_per_sec": 556.0521002925453,
        "updates_per_sec": 69.50651253656817
    },
    "ablation_2": {
        "device": "cpu",
        "num_envs": 16,
        "steps_per_sec": 557.4784606561419,
        "updates_per_sec": 69.68480758201774
    },
    "ablation_3": {
        "device": "cpu",
        "num_envs": 16,
        "steps_per_sec": 574.1890168193946,
        "updates_per_sec": 71.77362710242433
    },
    "ablation_4": {
        "device": "cpu",
        "num_envs": 8,
        "steps_per_sec": 762.5367381758174,
        "updates_per_sec": 95.31709227197717
    },
    "ablation_5": {
        "device": "cpu",
        "num_envs": 8,
        "steps_per_sec": 534.5555463305553,
        "updates_per_sec": 66.81944329131942
    }
}