{
    "ablation_0": {
        "device": "cpu",
        "num_envs": 16,
        "steps_per_sec": 530.9021470814893,
        "updates_per_sec": 131.02936377650173
    },
    "ablation_1": {
        "device": "cpu",
        "num_envs": 16,
        "steps_per_sec": 552.8203259246549,
        "updates_per_sec": 136.4388823568038
    },
    "ablation_2": {
        "device": "cpu",
        "num_envs": 16,
        "steps_per_sec": 542.2260263181977,
        "updates_per_sec": 133.82415505776603
    },
    "ablation_3": {
        "device": "cpu",
        "num_envs": 16,
        "steps_per_sec": 1126.4053100290257,
        "updates_per_sec": 278.00258849757904
    },
    "ablation_4": {
        "device": "cpu",
        "num_envs": 4,
        "steps_per_sec": 721.0844351366233,
        "updates_per_sec": 177.96363859171862
    },
    "ablation_5": {
        "device": "cpu",
        "num_envs": 16,
        "steps_per_sec": 529.7454731953271,
        "updates_per_sec": 130.74389074868697
    }
}