{
    "ablation_0": {
        "device": "cpu",
        "num_envs": 16,
        "steps_per_sec": 344.98998599695454,
        "updates_per_sec": 42.710421589079836
    },
    "ablation_1": {
        "device": "cuda",
        "num_envs": 16,
        "steps_per_sec": 366.16725613778607,
        "updates_per_sec": 45.3322082279208
    },
    "ablation_2": {
        "device": "cuda",
        "num_envs": 16,
        "steps_per_sec": 355.7038830279758,
        "updates_per_sec": 44.03682257934205
    },
    "ablation_3": {
        "device": "cpu",
        "num_envs": 16,
        "steps_per_sec": 526.970229009587,
        "updates_per_sec": 65.23992451796005
    },
    "ablation_4": {
        "device": "cpu",
        "num_envs": 16,
        "steps_per_sec": 959.672271230338,
        "updates_per_sec": 118.80926680567283
    },
    "ablation_5": {
        "device": "cuda",
        "num_envs": 16,
        "steps_per_sec": 355.4518734591076,
        "updates_per_sec": 44.005623311630735
    }
}