{
    "ablation_0": {
        "device": "cuda",
        "num_envs": 12,
        "steps_per_sec": 338.11772835467025,
        "updates_per_sec": 41.75794486874225
    },
    "ablation_1": {
        "device": "cuda",
        "num_envs": 8,
        "steps_per_sec": 351.6567070519398,
        "updates_per_sec": 43.464768991619756
    },
    "ablation_2": {
        "device": "cuda",
        "num_envs": 12,
        "steps_per_sec": 340.98214294591725,
        "updates_per_sec": 42.11170350531113
    },
    "ablation_3": {
        "device": "cuda",
        "num_envs": 8,
        "steps_per_sec": 474.2373676121118,
        "updates_per_sec": 58.61573863685702
    },
    "ablation_4": {
        "device": "cpu",
        "num_envs": 16,
        "steps_per_sec": 827.1194366078497,
        "updates_per_sec": 102.39897178451814
    },
    "ablation_5": {
        "device": "cuda",
        "num_envs": 12,
        "steps_per_sec": 338.4770791383458,
        "updates_per_sec": 41.80232512140242
    }
}