{
    "ablation_0": {
        "device": "cuda",
        "num_envs": 16,
        "steps_per_sec": 104.78833570521802,
        "updates_per_sec": 51.89198733006004
    },
    "ablation_1": {
        "device": "cuda",
        "num_envs": 12,
        "steps_per_sec": 107.7341712675987,
        "updates_per_sec": 53.22119731684732
    },
    "ablation_2": {
        "device": "cuda",
        "num_envs": 12,
        "steps_per_sec": 105.72403370405047,
        "updates_per_sec": 52.22817971950695
    },
    "ablation_3": {
        "device": "cuda",
        "num_envs": 16,
        "steps_per_sec": 152.8907334088266,
        "updates_per_sec": 75.71266350916333
    },
    "ablation_4": {
        "device": "cpu",
        "num_envs": 16,
        "steps_per_sec": 323.7580828373543,
        "updates_per_sec": 160.32748511114988
    },
    "ablation_5": {
        "device": "cuda",
        "num_envs": 16,
        "steps_per_sec": 97.91664434318041,
        "updates_per_sec": 48.48907307729382
    }
}