{
    "ablation_0": {
        "device": "cpu",
        "num_envs": 4,
        "steps_per_sec": 38.31034620369631,
        "updates_per_sec": 9.577586550924078
    },
    "ablation_1": {
        "device": "cpu",
        "num_envs": 16,
        "steps_per_sec": 40.841439775750864,
        "updates_per_sec": 10.210359943937716
    },
    "ablation_2": {
        "device": "cpu",
        "num_envs": 16,
        "steps_per_sec": 39.13085703666921,
        "updates_per_sec": 9.782714259167303
    },
    "ablation_3": {
        "device": "cpu",
        "num_envs": 8,
        "steps_per_sec": 40.414800830232565,
        "updates_per_sec": 10.103700207558141
    },
    "ablation_4": {
        "device": "cpu",
        "num_envs": 16,
        "steps_per_sec": 233.19052715382216,
        "updates_per_sec": 58.29763178845554
    },
    "ablation_5": {
        "device": "cpu",
        "num_envs": 4,
        "steps_per_sec": 39.08045955591936,
        "updates_per_sec": 9.77011488897984
    }
}