{
    "ablation_0": {
        "device": "cuda",
        "num_envs": 16,
        "steps_per_sec": 200.38527289753998,
        "updates_per_sec": 25.048159112192497
    },
    "ablation_1": {
        "device": "cuda",
        "num_envs": 16,
        "steps_per_sec": 200.17869572925102,
        "updates_per_sec": 25.022336966156377
    },
    "ablation_2": {
        "device": "cuda",
        "num_envs": 16,
        "steps_per_sec": 226.7419884799286,
        "updates_per_sec": 28.342748559991076
    },
    "ablation_3": {
        "device": "cuda",
        "num_envs": 16,
        "steps_per_sec": 199.8240872361996,
        "updates_per_sec": 24.97801090452495
    },
    "ablation_4": {
        "device": "cpu",
        "num_envs": 12,
        "steps_per_sec": 434.80683451641187,
        "updates_per_sec": 54.30740838784121
    },
    "ablation_5": {
        "device": "cuda",
        "num_envs": 12,
        "steps_per_sec": 211.89543849230878,
        "updates_per_sec": 26.46575720577398
    }
}