{
    "ablation_0": {
        "device": "cpu",
        "num_envs": 8,
        "steps_per_sec": 77.74825144269553,
        "updates_per_sec": 38.438735513268675
    },
    "ablation_1": {
        "device": "cpu",
        "num_envs": 12,
        "steps_per_sec": 79.14869884783255,
        "updates_per_sec": 39.0998368408957
    },
    "ablation_2": {
        "device": "cpu",
        "num_envs": 16,
        "steps_per_sec": 78.25213445025848,
        "updates_per_sec": 38.751056996134395
    },
    "ablation_3": {
        "device": "cpu",
        "num_envs": 12,
        "steps_per_sec": 116.08766660678366,
        "updates_per_sec": 57.34786407913053
    },
    "ablation_4": {
        "device": "cpu",
        "num_envs": 8,
        "steps_per_sec": 240.09857776575603,
        "updates_per_sec": 118.70473684738978
    },
    "ablation_5": {
        "device": "cpu",
        "num_envs": 12,
        "steps_per_sec": 77.45020193208357,
        "updates_per_sec": 38.26077121824752
    }
}