{
    "ablation_0": {
        "device": "cpu",
        "num_envs": 16,
        "steps_per_sec": 1882.0070305219388,
        "updates_per_sec": 14.703179925952647
    },
    "ablation_1": {
        "device": "cpu",
        "num_envs": 16,
        "steps_per_sec": 1907.0624325710094,
        "updates_per_sec": 14.89892525446101
    },
    "ablation_2": {
        "device": "cpu",
        "num_envs": 16,
        "steps_per_sec": 1893.3217673047952,
        "updates_per_sec": 14.791576307068713
    },
    "ablation_3": {
        "device": "cpu",
        "num_envs": 16,
        "steps_per_sec": 1891.4392766852131,
        "updates_per_sec": 14.776869349103228
    },
    "ablation_4": {
        "device": "cpu",
        "num_envs": 16,
        "steps_per_sec": 5236.392038672787,
        "updates_per_sec": 40.90931280213115
    },
    "ablation_5": {
        "device": "cpu",
        "num_envs": 16,
        "steps_per_sec": 1881.3965570618889,
        "updates_per_sec": 14.698410602046007
    }
}