{
    "ablation_0": {
        "device": "cpu",
        "num_envs": 16,
        "steps_per_sec": 605.5657195025018,
        "updates_per_sec": 4.730982183613295
    },
    "ablation_1": {
        "device": "cpu",
        "num_envs": 16,
        "steps_per_sec": 608.3106914923526,
        "updates_per_sec": 4.752427277284005
    },
    "ablation_2": {
        "device": "cpu",
        "num_envs": 16,
        "steps_per_sec": 599.9920856320254,
        "updates_per_sec": 4.687438169000198
    },
    "ablation_3": {
        "device": "cpu",
        "num_envs": 16,
        "steps_per_sec": 620.0105035920283,
        "updates_per_sec": 4.843832059312721
    },
    "ablation_4": {
        "device": "cpu",
        "num_envs": 16,
        "steps_per_sec": 1672.3084811604936,
        "updates_per_sec": 13.064910009066356
    },
    "ablation_5": {
        "device": "cpu",
        "num_envs": 16,
        "steps_per_sec": 618.7628396157749,
        "updates_per_sec": 4.834084684498241
    }
}