{
    "ablation_0": {
        "device": "cpu",
        "num_envs": 16,
        "steps_per_sec": 45.28431203879288,
        "updates_per_sec": 22.42513854956197
    },
    "ablation_1": {
        "device": "cpu",
        "num_envs": 16,
        "steps_per_sec": 44.60211174038594,
        "updates_per_sec": 22.087307730862047
    },
    "ablation_2": {
        "device": "cpu",
        "num_envs": 4,
        "steps_per_sec": 44.86698056357795,
        "updates_per_sec": 22.164288398407503
    },
    "ablation_3": {
        "device": "cpu",
        "num_envs": 16,
        "steps_per_sec": 70.97589637027376,
        "updates_per_sec": 35.14780810668509
    },
    "ablation_4": {
        "device": "cpu",
        "num_envs": 16,
        "steps_per_sec": 156.11717958639952,
        "updates_per_sec": 77.31042439582085
    },
    "ablation_5": {
        "device": "cpu",
        "num_envs": 4,
        "steps_per_sec": 45.64258443691059,
        "updates_per_sec": 22.54743671183383
    }
}