{
    "ablation_0": {
        "device": "cpu",
        "num_envs": 12,
        "steps_per_sec": 45.28653345219204,
        "updates_per_sec": 22.37176472698216
    },
    "ablation_1": {
        "device": "cpu",
        "num_envs": 16,
        "steps_per_sec": 46.69748981751003,
        "updates_per_sec": 23.124955021450656
    },
    "ablation_2": {
        "device": "cpu",
        "num_envs": 12,
        "steps_per_sec": 46.44803891435421,
        "updates_per_sec": 22.945553996059875
    },
    "ablation_3": {
        "device": "cpu",
        "num_envs": 12,
        "steps_per_sec": 71.68281896077703,
        "updates_per_sec": 35.411656369112876
    },
    "ablation_4": {
        "device": "cpu",
        "num_envs": 12,
        "steps_per_sec": 202.32813275391007,
        "updates_per_sec": 99.95106797914981
    },
    "ablation_5": {
        "device": "cpu",
        "num_envs": 12,
        "steps_per_sec": 46.71079143945665,
        "updates_per_sec": 23.075355003664434
    }
}