{
    "ablation_0": {
        "device": "cpu",
        "num_envs": 16,
        "steps_per_sec": 709.1870550828706,
        "updates_per_sec": 5.540523867834927
    },
    "ablation_1": {
        "device": "cpu",
        "num_envs": 16,
        "steps_per_sec": 700.4361199636863,
        "updates_per_sec": 5.4721571872162995
    },
    "ablation_2": {
        "device": "cpu",
        "num_envs": 16,
        "steps_per_sec": 705.3610303374887,
        "updates_per_sec": 5.510633049511631
    },
    "ablation_3": {
        "device": "cpu",
        "num_envs": 12,
        "steps_per_sec": 707.3232376346037,
        "updates_per_sec": 7.367950392027123
    },
    "ablation_4": {
        "device": "cpu",
        "num_envs": 16,
        "steps_per_sec": 2433.4385306338672,
        "updates_per_sec": 19.011238520577088
    },
    "ablation_5": {
        "device": "cpu",
        "num_envs": 12,
        "steps_per_sec": 706.761261267356,
        "updates_per_sec": 7.362096471534957
    }
}