{
    "ablation_0": {
        "device": "cpu",
        "num_envs": 12,
        "steps_per_sec": 43.877967341933335,
        "updates_per_sec": 5.480361628438915
    },
    "ablation_1": {
        "device": "cpu",
        "num_envs": 12,
        "steps_per_sec": 43.85093182516456,
        "updates_per_sec": 5.476984890233383
    },
    "ablation_2": {
        "device": "cpu",
        "num_envs": 8,
        "steps_per_sec": 44.52970407117615,
        "updates_per_sec": 5.5662130088970185
    },
    "ablation_3": {
        "device": "cpu",
        "num_envs": 12,
        "steps_per_sec": 44.10297852585402,
        "updates_per_sec": 5.508465543297115
    },
    "ablation_4": {
        "device": "cpu",
        "num_envs": 12,
        "steps_per_sec": 251.32548385397934,
        "updates_per_sec": 31.390573023328752
    },
    "ablation_5": {
        "device": "cpu",
        "num_envs": 16,
        "steps_per_sec": 44.34928596023509,
        "updates_per_sec": 5.543660745029387
    }
}