{
    "ablation_0": {
        "device": "cpu",
        "num_envs": 128,
        "steps_per_sec": 342.5274042605517,
        "updates_per_sec": 85.63185106513792
    },
    "ablation_1": {
        "device": "cpu",
        "num_envs": 64,
        "steps_per_sec": 376.93202847767884,
        "updates_per_sec": 94.23300711941971
    },
    "ablation_2": {
        "device": "cpu",
        "num_envs": 64,
        "steps_per_sec": 355.0925506539178,
        "updates_per_sec": 88.77313766347945
    },
    "ablation_3": {
        "device": "cpu",
        "num_envs": 64,
        "steps_per_sec": 703.7183876380036,
        "updates_per_sec": 175.9295969095009
    },
    "ablation_4": {
        "device": "cpu",
        "num_envs": 128,
        "steps_per_sec": 774.9997309921731,
        "updates_per_sec": 193.74993274804328
    },
    "ablation_5": {
        "device": "cpu",
        "num_envs": 128,
        "steps_per_sec": 349.2973050240703,
        "updates_per_sec": 87.32432625601757
    }
}