{
    "ablation_0": {
        "device": "cpu",
        "num_envs": 16,
        "steps_per_sec": 246.7185999735268,
        "updates_per_sec": 61.6796499933817
    },
    "ablation_1": {
        "device": "cpu",
        "num_envs": 128,
        "steps_per_sec": 253.0663804239226,
        "updates_per_sec": 63.26659510598065
    },
    "ablation_2": {
        "device": "cpu",
        "num_envs": 128,
        "steps_per_sec": 257.5671325052649,
        "updates_per_sec": 64.39178312631623
    },
    "ablation_3": {
        "device": "cpu",
        "num_envs": 16,
        "steps_per_sec": 282.2026068798292,
        "updates_per_sec": 70.5506517199573
    },
    "ablation_4": {
        "device": "cpu",
        "num_envs": 128,
        "steps_per_sec": 569.6999299863518,
        "updates_per_sec": 142.42498249658794
    },
    "ablation_5": {
        "device": "cpu",
        "num_envs": 128,
        "steps_per_sec": 257.85467232931677,
        "updates_per_sec": 64.46366808232919
    }
}