{
    "ablation_0": {
        "device": "cpu",
        "num_envs": 128,
        "steps_per_sec": 4654.714845878996,
        "updates_per_sec": 36.36495973342966
    },
    "ablation_1": {
        "device": "cpu",
        "num_envs": 128,
        "steps_per_sec": 4636.254464079842,
        "updates_per_sec": 36.22073800062377
    },
    "ablation_2": {
        "device": "cpu",
        "num_envs": 128,
        "steps_per_sec": 4612.120945873207,
        "updates_per_sec": 36.03219488963443
    },
    "ablation_3": {
        "device": "cpu",
        "num_envs": 128,
        "steps_per_sec": 4561.9768491111,
        "updates_per_sec": 35.64044413368047
    },
    "ablation_4": {
        "device": "cpu",
        "num_envs": 128,
        "steps_per_sec": 13832.674864873134,
        "updates_per_sec": 108.06777238182136
    },
    "ablation_5": {
        "device": "cpu",
        "num_envs": 128,
        "steps_per_sec": 4625.975576956492,
        "updates_per_sec": 36.14043419497259
    }
}