{
    "ablation_0": {
        "device": "cpu",
        "num_envs": 128,
        "steps_per_sec": 244.0593432063527,
        "updates_per_sec": 61.01483580158818
    },
    "ablation_1": {
        "device": "cpu",
        "num_envs": 64,
        "steps_per_sec": 267.7849129342908,
        "updates_per_sec": 66.9462282335727
    },
    "ablation_2": {
        "device": "cpu",
        "num_envs": 64,
        "steps_per_sec": 249.59412042017476,
        "updates_per_sec": 62.39853010504369
    },
    "ablation_3": {
        "device": "cpu",
        "num_envs": 128,
        "steps_per_sec": 471.09132049038624,
        "updates_per_sec": 117.77283012259656
    },
    "ablation_4": {
        "device": "cpu",
        "num_envs": 128,
        "steps_per_sec": 575.2343480902176,
        "updates_per_sec": 143.8085870225544
    },
    "ablation_5": {
        "device": "cpu",
        "num_envs": 64,
        "steps_per_sec": 249.17638905362782,
        "updates_per_sec": 62.294097263406954
    }
}