{
    "ablation_0": {
        "device": "cpu",
        "num_envs": 128,
        "steps_per_sec": 1606.6056606566149,
        "updates_per_sec": 12.551606723879804
    },
    "ablation_1": {
        "device": "cpu",
        "num_envs": 64,
        "steps_per_sec": 1589.566944170138,
        "updates_per_sec": 12.418491751329203
    },
    "ablation_2": {
        "device": "cpu",
        "num_envs": 64,
        "steps_per_sec": 1584.463127895754,
        "updates_per_sec": 12.378618186685578
    },
    "ablation_3": {
        "device": "cpu",
        "num_envs": 128,
        "steps_per_sec": 1588.3454481652968,
        "updates_per_sec": 12.408948813791381
    },
    "ablation_4": {
        "device": "cpu",
        "num_envs": 128,
        "steps_per_sec": 3269.2474996036703,
        "updates_per_sec": 25.540996090653675
    },
    "ablation_5": {
        "device": "cpu",
        "num_envs": 64,
        "steps_per_sec": 1595.026732901115,
        "updates_per_sec": 12.461146350789962
    }
}