{
    "ablation_0": {
        "device": "cpu",
        "num_envs": 16,
        "steps_per_sec": 3344.2336067459505,
        "updates_per_sec": 396.66029600780644
    },
    "ablation_1": {
        "device": "cpu",
        "num_envs": 16,
        "steps_per_sec": 3462.3655846201295,
        "updates_per_sec": 410.67195632275497
    },
    "ablation_2": {
        "device": "cpu",
        "num_envs": 16,
        "steps_per_sec": 3259.2662110485708,
        "updates_per_sec": 386.5822942018472
    }
}