{
    "ablation_0": {
        "device": "cpu",
        "num_envs": 16,
        "steps_per_sec": 1434.6670456273246,
        "updates_per_sec": 179.33338070341557
    },
    "ablation_1": {
        "device": "cpu",
        "num_envs": 12,
        "steps_per_sec": 1302.2121971032623,
        "updates_per_sec": 173.62829294710164
    }
}