{
    "ablation_0": {
        "device": "cpu",
        "num_envs": 16,
        "steps_per_sec": 394.60431605170777,
        "updates_per_sec": 98.65107901292694
    },
    "ablation_1": {
        "device": "cpu",
        "num_envs": 128,
        "steps_per_sec": 417.19281771805726,
        "updates_per_sec": 104.29820442951431
    },
    "ablation_2": {
        "device": "cpu",
        "num_envs": 64,
        "steps_per_sec": 394.6865006436215,
        "updates_per_sec": 98.67162516090538
    },
    "ablation_3": {
        "device": "cpu",
        "num_envs": 128,
        "steps_per_sec": 771.0771354709302,
        "updates_per_sec": 192.76928386773255
    },
    "ablation_4": {
        "device": "cpu",
        "num_envs": 128,
        "steps_per_sec": 819.0972264368456,
        "updates_per_sec": 204.7743066092114
    },
    "ablation_5": {
        "device": "cpu",
        "num_envs": 64,
        "steps_per_sec": 407.9149813228285,
        "updates_per_sec": 101.97874533070713
    }
}