{
    "ablation_0": {
        "device": "cpu",
        "num_envs": 16,
        "steps_per_sec": 1196.668097687878,
        "updates_per_sec": 295.3438036625833
    },
    "ablation_1": {
        "device": "cpu",
        "num_envs": 16,
        "steps_per_sec": 1257.9503878821329,
        "updates_per_sec": 310.46858614662864
    },
    "ablation_2": {
        "device": "cpu",
        "num_envs": 16,
        "steps_per_sec": 1175.282310539204,
        "updates_per_sec": 290.0656820739729
    },
    "ablation_3": {
        "device": "cpu",
        "num_envs": 16,
        "steps_per_sec": 3307.9492916241857,
        "updates_per_sec": 816.4187948177902
    },
    "ablation_4": {
        "device": "cpu",
        "num_envs": 16,
        "steps_per_sec": 1703.007590092674,
        "updates_per_sec": 420.31097870498104
    },
    "ablation_5": {
        "device": "cpu",
        "num_envs": 16,
        "steps_per_sec": 1153.9348865500067,
        "updates_per_sec": 284.79702870922694
    }
}