{
    "ablation_0": {
        "device": "cpu",
        "num_envs": 16,
        "steps_per_sec": 1434.6670456273246,
        "updates_per_sec": 179.33338070341557
    },
    "ablation_1": {
        "device": "cpu",
        "num_envs": 16,
        "steps_per_sec": 1388.865783923756,
        "updates_per_sec": 173.6082229904695
    },
    "ablation_2": {
        "device": "cpu",
        "num_envs": 16,
        "steps_per_sec": 1339.6479216740393,
        "updates_per_sec": 167.4559902092549
    },
    "ablation_3": {
        "device": "cpu",
        "num_envs": 16,
        "steps_per_sec": 1353.4026269550698,
        "updates_per_sec": 169.17532836938372
    },
    "ablation_4": {
        "device": "cpu",
        "num_envs": 16,
        "steps_per_sec": 2040.275041766851,
        "updates_per_sec": 255.03438022085638
    },
    "ablation_5": {
        "device": "cpu",
        "num_envs": 16,
        "steps_per_sec": 1341.5305075034016,
        "updates_per_sec": 167.6913134379252
    }
}