{
    "ablation_0": {
        "device": "cpu",
        "num_envs": 12,
        "steps_per_sec": 686.9504859660733,
        "updates_per_sec": 84.8392086984479
    },
    "ablation_1": {
        "device": "cpu",
        "num_envs": 12,
        "steps_per_sec": 696.9661288157674,
        "updates_per_sec": 86.07615259954922
    },
    "ablation_2": {
        "device": "cpu",
        "num_envs": 16,
        "steps_per_sec": 688.2915076728748,
        "updates_per_sec": 85.21180805854281
    },
    "ablation_3": {
        "device": "cpu",
        "num_envs": 16,
        "steps_per_sec": 1049.4256722732928,
        "updates_per_sec": 129.92090990603864
    },
    "ablation_4": {
        "device": "cpu",
        "num_envs": 16,
        "steps_per_sec": 1747.784443067819,
        "updates_per_sec": 216.37906443730984
    },
    "ablation_5": {
        "device": "cpu",
        "num_envs": 16,
        "steps_per_sec": 702.1075965967774,
        "updates_per_sec": 86.92226635183745
    }
}