{
    "ablation_0": {
        "device": "cpu",
        "num_envs": 16,
        "steps_per_sec": 856.4749134616537,
        "updates_per_sec": 107.05936418270672
    },
    "ablation_1": {
        "device": "cpu",
        "num_envs": 16,
        "steps_per_sec": 843.7834447868399,
        "updates_per_sec": 105.47293059835499
    },
    "ablation_2": {
        "device": "cpu",
        "num_envs": 16,
        "steps_per_sec": 840.3951271612475,
        "updates_per_sec": 105.04939089515594
    },
    "ablation_3": {
        "device": "cpu",
        "num_envs": 16,
        "steps_per_sec": 853.1481605169652,
        "updates_per_sec": 106.64352006462065
    },
    "ablation_4": {
        "device": "cpu",
        "num_envs": 16,
        "steps_per_sec": 1145.3308146735399,
        "updates_per_sec": 143.16635183419248
    },
    "ablation_5": {
        "device": "cpu",
        "num_envs": 16,
        "steps_per_sec": 854.3256342301074,
        "updates_per_sec": 106.79070427876343
    }
}