{
    "ablation_0": {
        "device": "cpu",
        "num_envs": 128,
        "steps_per_sec": 129.9105871401332,
        "updates_per_sec": 32.4776467850333
    },
    "ablation_1": {
        "device": "cpu",
        "num_envs": 64,
        "steps_per_sec": 131.33868032730078,
        "updates_per_sec": 32.834670081825195
    },
    "ablation_2": {
        "device": "cpu",
        "num_envs": 128,
        "steps_per_sec": 132.04253154606948,
        "updates_per_sec": 33.01063288651737
    },
    "ablation_3": {
        "device": "cpu",
        "num_envs": 128,
        "steps_per_sec": 157.35522107230008,
        "updates_per_sec": 39.33880526807502
    },
    "ablation_4": {
        "device": "cpu",
        "num_envs": 64,
        "steps_per_sec": 413.0338050739463,
        "updates_per_sec": 103.25845126848658
    },
    "ablation_5": {
        "device": "cpu",
        "num_envs": 128,
        "steps_per_sec": 131.07531408379268,
        "updates_per_sec": 32.76882852094817
    }
}