{
    "ablation_0": {
        "device": "cpu",
        "num_envs": 12,
        "steps_per_sec": 552.1920148714033,
        "updates_per_sec": 68.19637593735555
    },
    "ablation_1": {
        "device": "cpu",
        "num_envs": 16,
        "steps_per_sec": 556.2418477491616,
        "updates_per_sec": 68.86380702964861
    },
    "ablation_2": {
        "device": "cpu",
        "num_envs": 12,
        "steps_per_sec": 547.7335461742654,
        "updates_per_sec": 67.6457497073733
    },
    "ablation_3": {
        "device": "cpu",
        "num_envs": 16,
        "steps_per_sec": 739.3567042907141,
        "updates_per_sec": 91.53377728838713
    },
    "ablation_4": {
        "device": "cpu",
        "num_envs": 16,
        "steps_per_sec": 1519.3759298142672,
        "updates_per_sec": 188.10165265272477
    },
    "ablation_5": {
        "device": "cpu",
        "num_envs": 12,
        "steps_per_sec": 534.691647326786,
        "updates_per_sec": 66.0350595619412
    }
}