{
    "ablation_0": {
        "device": "cpu",
        "num_envs": 16,
        "steps_per_sec": 274.05301822741706,
        "updates_per_sec": 68.51325455685426
    },
    "ablation_1": {
        "device": "cpu",
        "num_envs": 64,
        "steps_per_sec": 299.5877554012799,
        "updates_per_sec": 74.89693885031997
    },
    "ablation_2": {
        "device": "cpu",
        "num_envs": 64,
        "steps_per_sec": 285.01060958079523,
        "updates_per_sec": 71.25265239519881
    },
    "ablation_3": {
        "device": "cpu",
        "num_envs": 64,
        "steps_per_sec": 595.1999454672728,
        "updates_per_sec": 148.7999863668182
    },
    "ablation_4": {
        "device": "cpu",
        "num_envs": 128,
        "steps_per_sec": 613.2236336141502,
        "updates_per_sec": 153.30590840353756
    },
    "ablation_5": {
        "device": "cpu",
        "num_envs": 128,
        "steps_per_sec": 283.5254298870814,
        "updates_per_sec": 70.88135747177034
    }
}