{
    "ablation_0": {
        "device": "cpu",
        "num_envs": 16,
        "steps_per_sec": 784.8664985116548,
        "updates_per_sec": 193.7090639297934
    },
    "ablation_1": {
        "device": "cpu",
        "num_envs": 16,
        "steps_per_sec": 811.919501626597,
        "updates_per_sec": 200.3858833886729
    },
    "ablation_2": {
        "device": "cpu",
        "num_envs": 16,
        "steps_per_sec": 795.851177986285,
        "updates_per_sec": 196.42013897584832
    },
    "ablation_3": {
        "device": "cpu",
        "num_envs": 16,
        "steps_per_sec": 1696.6344668313782,
        "updates_per_sec": 418.73805930582733
    },
    "ablation_4": {
        "device": "cpu",
        "num_envs": 16,
        "steps_per_sec": 1203.796385654993,
        "updates_per_sec": 297.10310157140003
    },
    "ablation_5": {
        "device": "cpu",
        "num_envs": 16,
        "steps_per_sec": 793.9431792698448,
        "updates_per_sec": 195.94923513928276
    }
}