{
    "ablation_0": {
        "device": "cpu",
        "num_envs": 64,
        "steps_per_sec": 213.30357267441852,
        "updates_per_sec": 53.32589316860463
    },
    "ablation_1": {
        "device": "cpu",
        "num_envs": 64,
        "steps_per_sec": 225.3457334728388,
        "updates_per_sec": 56.3364333682097
    },
    "ablation_2": {
        "device": "cpu",
        "num_envs": 64,
        "steps_per_sec": 220.3411137983798,
        "updates_per_sec": 55.08527844959495
    },
    "ablation_3": {
        "device": "cpu",
        "num_envs": 64,
        "steps_per_sec": 408.91884297142974,
        "updates_per_sec": 102.22971074285743
    },
    "ablation_4": {
        "device": "cpu",
        "num_envs": 64,
        "steps_per_sec": 609.8521198932294,
        "updates_per_sec": 152.46302997330736
    },
    "ablation_5": {
        "device": "cpu",
        "num_envs": 128,
        "steps_per_sec": 216.00194036869667,
        "updates_per_sec": 54.000485092174166
    }
}