{
    "ablation_0": {
        "device": "cpu",
        "num_envs": 16,
        "steps_per_sec": 948.9807712464318,
        "updates_per_sec": 234.21330536353628
    },
    "ablation_1": {
        "device": "cpu",
        "num_envs": 16,
        "steps_per_sec": 973.5445448003636,
        "updates_per_sec": 240.27577024226227
    },
    "ablation_2": {
        "device": "cpu",
        "num_envs": 16,
        "steps_per_sec": 954.8805397535749,
        "updates_per_sec": 235.66939838966024
    },
    "ablation_3": {
        "device": "cpu",
        "num_envs": 16,
        "steps_per_sec": 2254.2991099279498,
        "updates_per_sec": 556.3725439039429
    },
    "ablation_4": {
        "device": "cpu",
        "num_envs": 16,
        "steps_per_sec": 1501.6626847903592,
        "updates_per_sec": 370.6180268372372
    },
    "ablation_5": {
        "device": "cpu",
        "num_envs": 16,
        "steps_per_sec": 949.2221255956738,
        "updates_per_sec": 234.27287285068945
    }
}