{
    "ablation_0": {
        "device": "cpu",
        "num_envs": 16,
        "steps_per_sec": 486.01500024233474,
        "updates_per_sec": 60.75187503029184
    },
    "ablation_1": {
        "device": "cpu",
        "num_envs": 16,
        "steps_per_sec": 488.4306518194515,
        "updates_per_sec": 61.05383147743144
    },
    "ablation_2": {
        "device": "cpu",
        "num_envs": 16,
        "steps_per_sec": 487.99299552468807,
        "updates_per_sec": 60.99912444058601
    },
    "ablation_3": {
        "device": "cpu",
        "num_envs": 16,
        "steps_per_sec": 486.4259696231617,
        "updates_per_sec": 60.80324620289521
    },
    "ablation_4": {
        "device": "cpu",
        "num_envs": 16,
        "steps_per_sec": 694.8008340411156,
        "updates_per_sec": 86.85010425513946
    },
    "ablation_5": {
        "device": "cpu",
        "num_envs": 16,
        "steps_per_sec": 493.3765669968801,
        "updates_per_sec": 61.672070874610014
    }
}