{
    "ablation_0": {
        "device": "cpu",
        "num_envs": 128,
        "steps_per_sec": 93.02009581719713,
        "updates_per_sec": 23.255023954299283
    },
    "ablation_1": {
        "device": "cpu",
        "num_envs": 128,
        "steps_per_sec": 93.84149442767367,
        "updates_per_sec": 23.460373606918417
    },
    "ablation_2": {
        "device": "cpu",
        "num_envs": 128,
        "steps_per_sec": 94.7437564308228,
        "updates_per_sec": 23.6859391077057
    },
    "ablation_3": {
        "device": "cpu",
        "num_envs": 128,
        "steps_per_sec": 99.4977375270007,
        "updates_per_sec": 24.874434381750174
    },
    "ablation_4": {
        "device": "cpu",
        "num_envs": 64,
        "steps_per_sec": 430.96101004895127,
        "updates_per_sec": 107.74025251223782
    },
    "ablation_5": {
        "device": "cpu",
        "num_envs": 128,
        "steps_per_sec": 94.46657641502442,
        "updates_per_sec": 23.616644103756105
    }
}