{
    "ablation_0": {
        "device": "cpu",
        "num_envs": 16,
        "steps_per_sec": 505.81909291688316,
        "updates_per_sec": 63.227386614610396
    },
    "ablation_1": {
        "device": "cpu",
        "num_envs": 16,
        "steps_per_sec": 500.2791601489457,
        "updates_per_sec": 62.534895018618215
    },
    "ablation_2": {
        "device": "cpu",
        "num_envs": 16,
        "steps_per_sec": 497.4988527901848,
        "updates_per_sec": 62.1873565987731
    },
    "ablation_3": {
        "device": "cpu",
        "num_envs": 16,
        "steps_per_sec": 496.00961451949365,
        "updates_per_sec": 62.00120181493671
    },
    "ablation_4": {
        "device": "cpu",
        "num_envs": 16,
        "steps_per_sec": 699.7264007124936,
        "updates_per_sec": 87.4658000890617
    },
    "ablation_5": {
        "device": "cpu",
        "num_envs": 16,
        "steps_per_sec": 500.03386585109126,
        "updates_per_sec": 62.50423323138641
    }
}