{
    "ablation_0": {
        "device": "cpu",
        "num_envs": 16,
        "steps_per_sec": 43.8896370747115,
        "updates_per_sec": 10.972409268677875
    },
    "ablation_1": {
        "device": "cpu",
        "num_envs": 12,
        "steps_per_sec": 44.30741777980282,
        "updates_per_sec": 11.076854444950705
    },
    "ablation_2": {
        "device": "cpu",
        "num_envs": 12,
        "steps_per_sec": 44.26886569206178,
        "updates_per_sec": 11.067216423015445
    },
    "ablation_3": {
        "device": "cpu",
        "num_envs": 12,
        "steps_per_sec": 45.10370521777279,
        "updates_per_sec": 11.275926304443198
    },
    "ablation_4": {
        "device": "cpu",
        "num_envs": 16,
        "steps_per_sec": 366.4280848050269,
        "updates_per_sec": 91.60702120125673
    },
    "ablation_5": {
        "device": "cpu",
        "num_envs": 16,
        "steps_per_sec": 44.74917402861647,
        "updates_per_sec": 11.187293507154118
    }
}