{
    "ablation_0": {
        "device": "cpu",
        "num_envs": 128,
        "steps_per_sec": 2230.2309219725403,
        "updates_per_sec": 17.42367907791047
    },
    "ablation_1": {
        "device": "cpu",
        "num_envs": 128,
        "steps_per_sec": 2168.3270645895814,
        "updates_per_sec": 16.940055192106104
    },
    "ablation_2": {
        "device": "cpu",
        "num_envs": 64,
        "steps_per_sec": 2219.0217463589747,
        "updates_per_sec": 17.00399805639061
    },
    "ablation_3": {
        "device": "cpu",
        "num_envs": 128,
        "steps_per_sec": 2216.31361396674,
        "updates_per_sec": 17.314950109115156
    },
    "ablation_4": {
        "device": "cpu",
        "num_envs": 128,
        "steps_per_sec": 10899.10078022581,
        "updates_per_sec": 85.14922484551414
    },
    "ablation_5": {
        "device": "cpu",
        "num_envs": 64,
        "steps_per_sec": 2239.9215674843285,
        "updates_per_sec": 17.066069085594883
    }
}