{
    "ablation_0": {
        "device": "cuda:0",
        "num_envs": 64,
        "steps_per_sec": 360.89899780162864,
        "updates_per_sec": 90.22474945040716
    },
    "ablation_1": {
        "device": "cuda:0",
        "num_envs": 64,
        "steps_per_sec": 379.83778433956246,
        "updates_per_sec": 94.95944608489062
    },
    "ablation_2": {
        "device": "cuda:0",
        "num_envs": 128,
        "steps_per_sec": 383.7228381326475,
        "updates_per_sec": 95.93070953316187
    },
    "ablation_3": {
        "device": "cuda:0",
        "num_envs": 128,
        "steps_per_sec": 406.5334120239932,
        "updates_per_sec": 101.6333530059983
    },
    "ablation_4": {
        "device": "cpu",
        "num_envs": 64,
        "steps_per_sec": 487.4671967534103,
        "updates_per_sec": 121.86679918835257
    },
    "ablation_5": {
        "device": "cuda:0",
        "num_envs": 128,
        "steps_per_sec": 375.9308944923175,
        "updates_per_sec": 93.98272362307938
    }
}