{
    "ablation_0": {
        "device": "cuda:0",
        "num_envs": 64,
        "steps_per_sec": 408.8350056430607,
        "updates_per_sec": 102.20875141076517
    },
    "ablation_1": {
        "device": "cuda:0",
        "num_envs": 128,
        "steps_per_sec": 456.0835347984731,
        "updates_per_sec": 114.02088369961828
    },
    "ablation_2": {
        "device": "cuda:0",
        "num_envs": 64,
        "steps_per_sec": 420.26200272398233,
        "updates_per_sec": 105.06550068099558
    },
    "ablation_3": {
        "device": "cuda:0",
        "num_envs": 128,
        "steps_per_sec": 775.841046198328,
        "updates_per_sec": 193.960261549582
    },
    "ablation_4": {
        "device": "cpu",
        "num_envs": 128,
        "steps_per_sec": 668.029277311583,
        "updates_per_sec": 167.00731932789574
    },
    "ablation_5": {
        "device": "cuda:0",
        "num_envs": 128,
        "steps_per_sec": 418.7004350446654,
        "updates_per_sec": 104.67510876116636
    }
}