{
    "ablation_0": {
        "device": "cuda:0",
        "num_envs": 128,
        "steps_per_sec": 9812.442083836,
        "updates_per_sec": 76.65970377996875
    },
    "ablation_1": {
        "device": "cuda:0",
        "num_envs": 128,
        "steps_per_sec": 9765.58903505857,
        "updates_per_sec": 76.29366433639508
    },
    "ablation_2": {
        "device": "cuda:0",
        "num_envs": 128,
        "steps_per_sec": 9648.589673944985,
        "updates_per_sec": 75.3796068276952
    },
    "ablation_3": {
        "device": "cuda:0",
        "num_envs": 128,
        "steps_per_sec": 9591.55218191761,
        "updates_per_sec": 74.46857284097524
    },
    "ablation_4": {
        "device": "cuda:0",
        "num_envs": 128,
        "steps_per_sec": 11698.991140204229,
        "updates_per_sec": 91.39836828284554
    },
    "ablation_5": {
        "device": "cuda:0",
        "num_envs": 128,
        "steps_per_sec": 9972.946755480878,
        "updates_per_sec": 77.38362172088691
    }
}