{
    "ablation_0": {
        "device": "cuda:0",
        "num_envs": 64,
        "steps_per_sec": 7061.509775249315,
        "updates_per_sec": 55.16804511913527
    },
    "ablation_1": {
        "device": "cuda:0",
        "num_envs": 128,
        "steps_per_sec": 8241.84388199065,
        "updates_per_sec": 63.989471133467774
    },
    "ablation_2": {
        "device": "cuda:0",
        "num_envs": 128,
        "steps_per_sec": 8294.167975240764,
        "updates_per_sec": 63.998209685499724
    },
    "ablation_3": {
        "device": "cuda:0",
        "num_envs": 128,
        "steps_per_sec": 8120.321639660772,
        "updates_per_sec": 63.44001280984978
    },
    "ablation_4": {
        "device": "cuda:0",
        "num_envs": 128,
        "steps_per_sec": 9206.974668489529,
        "updates_per_sec": 71.46284786709899
    },
    "ablation_5": {
        "device": "cuda:0",
        "num_envs": 128,
        "steps_per_sec": 8139.241202801399,
        "updates_per_sec": 63.58782189688593
    }
}