{
    "ablation_0": {
        "device": "cpu",
        "num_envs": 64,
        "steps_per_sec": 129.7771151465216,
        "updates_per_sec": 32.4442787866304
    },
    "ablation_1": {
        "device": "cpu",
        "num_envs": 16,
        "steps_per_sec": 123.88618946344864,
        "updates_per_sec": 30.97154736586216
    },
    "ablation_2": {
        "device": "cpu",
        "num_envs": 8,
        "steps_per_sec": 137.14484552153118,
        "updates_per_sec": 34.286211380382795
    },
    "ablation_3": {
        "device": "cpu",
        "num_envs": 64,
        "steps_per_sec": 206.89225545374322,
        "updates_per_sec": 51.723063863435804
    },
    "ablation_4": {
        "device": "cpu",
        "num_envs": 64,
        "steps_per_sec": 514.9163920055095,
        "updates_per_sec": 128.72909800137737
    },
    "ablation_5": {
        "device": "cpu",
        "num_envs": 64,
        "steps_per_sec": 113.23724456435995,
        "updates_per_sec": 28.30931114108999
    }
}