{
    "ablation_0": {
        "device": "cuda:0",
        "num_envs": 128,
        "steps_per_sec": 398.6859911832854,
        "updates_per_sec": 99.67149779582135
    },
    "ablation_1": {
        "device": "cuda:0",
        "num_envs": 128,
        "steps_per_sec": 442.2593407927597,
        "updates_per_sec": 110.56483519818993
    },
    "ablation_2": {
        "device": "cuda:0",
        "num_envs": 128,
        "steps_per_sec": 416.3549825038373,
        "updates_per_sec": 104.08874562595932
    },
    "ablation_3": {
        "device": "cuda:0",
        "num_envs": 128,
        "steps_per_sec": 751.3996485926012,
        "updates_per_sec": 187.8499121481503
    },
    "ablation_4": {
        "device": "cuda:0",
        "num_envs": 128,
        "steps_per_sec": 608.5893266521456,
        "updates_per_sec": 152.1473316630364
    },
    "ablation_5": {
        "device": "cuda:0",
        "num_envs": 128,
        "steps_per_sec": 404.6350104119332,
        "updates_per_sec": 101.1587526029833
    }
}