{
    "ablation_0": {
        "device": "cuda:0",
        "num_envs": 128,
        "steps_per_sec": 352.53604316551485,
        "updates_per_sec": 88.13401079137871
    },
    "ablation_1": {
        "device": "cuda:0",
        "num_envs": 128,
        "steps_per_sec": 370.79351590729243,
        "updates_per_sec": 92.69837897682311
    },
    "ablation_2": {
        "device": "cuda:0",
        "num_envs": 128,
        "steps_per_sec": 378.0243554101212,
        "updates_per_sec": 94.5060888525303
    },
    "ablation_3": {
        "device": "cuda:0",
        "num_envs": 128,
        "steps_per_sec": 398.7432918053777,
        "updates_per_sec": 99.68582295134442
    },
    "ablation_4": {
        "device": "cuda:0",
        "num_envs": 128,
        "steps_per_sec": 472.62502578706733,
        "updates_per_sec": 118.15625644676683
    },
    "ablation_5": {
        "device": "cuda:0",
        "num_envs": 128,
        "steps_per_sec": 366.42097044926743,
        "updates_per_sec": 91.60524261231686
    }
}